2025-01-30 22:06:37,229 [Worker-1: Loading available Gradle versions] INFO  o.e.b.c.i.u.g.PublishedGradleVersions - Gradle version information cache is not available. Remote download required.
2025-01-30 22:11:46,793 [Worker-4: Building] INFO  o.e.m.c.i.l.LifecycleMappingFactory - Using org.eclipse.m2e.jdt.JarLifecycleMapping lifecycle mapping for MavenProject: com.example:spring_boot_backend_template:0.0.1-SNAPSHOT @ D:\kdestate\spring_boot_backend_template\pom.xml.
2025-01-30 22:11:48,594 [Worker-4: Building] INFO  o.a.m.s.f.DefaultMavenResourcesFiltering - Copying 1 resource from src\main\resources to target\classes
2025-01-30 22:11:48,612 [Worker-4: Building] INFO  o.a.m.s.f.DefaultMavenResourcesFiltering - Copying 0 resource from src\main\resources to target\classes
2025-01-30 22:11:48,617 [Worker-4: Building] INFO  o.a.m.s.f.DefaultMavenResourcesFiltering - skip non existing resourceDirectory D:\kdestate\spring_boot_backend_template\src\test\resources
2025-01-30 22:11:50,049 [Worker-12: Building] INFO  o.a.m.s.f.DefaultMavenResourcesFiltering - Copying 1 resource from src\main\resources to target\classes
2025-01-30 22:11:50,051 [Worker-12: Building] INFO  o.a.m.s.f.DefaultMavenResourcesFiltering - Copying 0 resource from src\main\resources to target\classes
2025-01-30 22:11:50,054 [Worker-12: Building] INFO  o.a.m.s.f.DefaultMavenResourcesFiltering - skip non existing resourceDirectory D:\kdestate\spring_boot_backend_template\src\test\resources
2025-01-30 22:23:50,573 [Worker-11: Building] INFO  o.a.m.s.f.DefaultMavenResourcesFiltering - Copying 1 resource from src\main\resources to target\classes
2025-01-30 22:23:50,587 [Worker-11: Building] INFO  o.a.m.s.f.DefaultMavenResourcesFiltering - Copying 0 resource from src\main\resources to target\classes
2025-01-30 22:23:50,592 [Worker-11: Building] INFO  o.a.m.s.f.DefaultMavenResourcesFiltering - skip non existing resourceDirectory D:\kdestate\spring_boot_backend_template\src\test\resources
2025-01-30 22:24:41,542 [Worker-18: Building] INFO  o.a.m.s.f.DefaultMavenResourcesFiltering - Copying 1 resource from src\main\resources to target\classes
2025-01-30 22:24:41,557 [Worker-18: Building] INFO  o.a.m.s.f.DefaultMavenResourcesFiltering - Copying 0 resource from src\main\resources to target\classes
2025-01-30 22:24:41,564 [Worker-18: Building] INFO  o.a.m.s.f.DefaultMavenResourcesFiltering - skip non existing resourceDirectory D:\kdestate\spring_boot_backend_template\src\test\resources
2025-01-30 22:38:03,823 [Worker-11: Building] INFO  o.a.m.s.f.DefaultMavenResourcesFiltering - Copying 1 resource from src\main\resources to target\classes
2025-01-30 22:38:03,847 [Worker-11: Building] INFO  o.a.m.s.f.DefaultMavenResourcesFiltering - Copying 0 resource from src\main\resources to target\classes
2025-01-30 22:38:03,855 [Worker-11: Building] INFO  o.a.m.s.f.DefaultMavenResourcesFiltering - skip non existing resourceDirectory D:\kdestate\spring_boot_backend_template\src\test\resources
2025-01-31 00:12:11,005 [Worker-45: Building] INFO  o.a.m.s.f.DefaultMavenResourcesFiltering - Copying 1 resource from src\main\resources to target\classes
2025-01-31 00:12:11,070 [Worker-45: Building] INFO  o.a.m.s.f.DefaultMavenResourcesFiltering - Copying 0 resource from src\main\resources to target\classes
2025-01-31 00:12:11,079 [Worker-45: Building] INFO  o.a.m.s.f.DefaultMavenResourcesFiltering - skip non existing resourceDirectory D:\kdestate\spring_boot_backend_template\src\test\resources
2025-01-31 00:12:52,889 [Worker-44: Building] INFO  o.a.m.s.f.DefaultMavenResourcesFiltering - Copying 1 resource from src\main\resources to target\classes
2025-01-31 00:12:52,934 [Worker-44: Building] INFO  o.a.m.s.f.DefaultMavenResourcesFiltering - Copying 0 resource from src\main\resources to target\classes
2025-01-31 00:12:52,942 [Worker-44: Building] INFO  o.a.m.s.f.DefaultMavenResourcesFiltering - skip non existing resourceDirectory D:\kdestate\spring_boot_backend_template\src\test\resources
2025-01-31 00:50:10,296 [Worker-51: Building] INFO  o.a.m.s.f.DefaultMavenResourcesFiltering - Copying 1 resource from src\main\resources to target\classes
2025-01-31 00:50:10,329 [Worker-51: Building] INFO  o.a.m.s.f.DefaultMavenResourcesFiltering - Copying 0 resource from src\main\resources to target\classes
2025-01-31 00:50:10,337 [Worker-51: Building] INFO  o.a.m.s.f.DefaultMavenResourcesFiltering - skip non existing resourceDirectory D:\kdestate\spring_boot_backend_template\src\test\resources
2025-01-31 00:50:22,822 [Worker-52: Building] INFO  o.e.m.c.i.l.LifecycleMappingFactory - Using org.eclipse.m2e.jdt.JarLifecycleMapping lifecycle mapping for MavenProject: com.example:spring_boot_backend_template:0.0.1-SNAPSHOT @ D:\kdestate\spring_boot_backend_template\pom.xml.
2025-01-31 00:50:24,898 [Worker-52: Building] INFO  o.a.m.s.f.DefaultMavenResourcesFiltering - Copying 0 resource from src\main\resources to target\classes
2025-01-31 00:50:24,901 [Worker-52: Building] INFO  o.a.m.s.f.DefaultMavenResourcesFiltering - Copying 0 resource from src\main\resources to target\classes
2025-01-31 00:50:24,912 [Worker-52: Building] INFO  o.a.m.s.f.DefaultMavenResourcesFiltering - skip non existing resourceDirectory D:\kdestate\spring_boot_backend_template\src\test\resources
2025-01-31 00:52:28,472 [Worker-51: Building] INFO  o.a.m.s.f.DefaultMavenResourcesFiltering - Copying 1 resource from src\main\resources to target\classes
2025-01-31 00:52:28,496 [Worker-51: Building] INFO  o.a.m.s.f.DefaultMavenResourcesFiltering - Copying 0 resource from src\main\resources to target\classes
2025-01-31 00:52:28,501 [Worker-51: Building] INFO  o.a.m.s.f.DefaultMavenResourcesFiltering - skip non existing resourceDirectory D:\kdestate\spring_boot_backend_template\src\test\resources
2025-01-31 00:52:49,124 [Worker-59: Building] INFO  o.a.m.s.f.DefaultMavenResourcesFiltering - Copying 1 resource from src\main\resources to target\classes
2025-01-31 00:52:49,141 [Worker-59: Building] INFO  o.a.m.s.f.DefaultMavenResourcesFiltering - Copying 0 resource from src\main\resources to target\classes
2025-01-31 00:52:49,146 [Worker-59: Building] INFO  o.a.m.s.f.DefaultMavenResourcesFiltering - skip non existing resourceDirectory D:\kdestate\spring_boot_backend_template\src\test\resources
2025-01-31 00:56:21,008 [Worker-51: Building] INFO  o.a.m.s.f.DefaultMavenResourcesFiltering - Copying 1 resource from src\main\resources to target\classes
2025-01-31 00:56:21,019 [Worker-51: Building] INFO  o.a.m.s.f.DefaultMavenResourcesFiltering - Copying 0 resource from src\main\resources to target\classes
2025-01-31 00:56:21,024 [Worker-51: Building] INFO  o.a.m.s.f.DefaultMavenResourcesFiltering - skip non existing resourceDirectory D:\kdestate\spring_boot_backend_template\src\test\resources
2025-01-31 12:43:56,548 [Worker-64: Building] INFO  o.a.m.s.f.DefaultMavenResourcesFiltering - Copying 1 resource from src\main\resources to target\classes
2025-01-31 12:43:56,561 [Worker-64: Building] INFO  o.a.m.s.f.DefaultMavenResourcesFiltering - Copying 0 resource from src\main\resources to target\classes
2025-01-31 12:43:56,567 [Worker-64: Building] INFO  o.a.m.s.f.DefaultMavenResourcesFiltering - skip non existing resourceDirectory D:\kdestate\spring_boot_backend_template\src\test\resources
2025-01-31 12:50:08,909 [Worker-57: Building] INFO  o.a.m.s.f.DefaultMavenResourcesFiltering - Copying 1 resource from src\main\resources to target\classes
2025-01-31 12:50:08,990 [Worker-57: Building] INFO  o.a.m.s.f.DefaultMavenResourcesFiltering - Copying 0 resource from src\main\resources to target\classes
2025-01-31 12:50:08,998 [Worker-57: Building] INFO  o.a.m.s.f.DefaultMavenResourcesFiltering - skip non existing resourceDirectory D:\kdestate\spring_boot_backend_template\src\test\resources
2025-01-31 12:50:36,852 [Worker-65: Building] INFO  o.a.m.s.f.DefaultMavenResourcesFiltering - Copying 1 resource from src\main\resources to target\classes
2025-01-31 12:50:36,866 [Worker-65: Building] INFO  o.a.m.s.f.DefaultMavenResourcesFiltering - Copying 0 resource from src\main\resources to target\classes
2025-01-31 12:50:36,872 [Worker-65: Building] INFO  o.a.m.s.f.DefaultMavenResourcesFiltering - skip non existing resourceDirectory D:\kdestate\spring_boot_backend_template\src\test\resources
2025-01-31 12:51:00,894 [Worker-63: Launching spring_boot_backend_template - DemoApplication] INFO  o.a.m.s.f.DefaultMavenResourcesFiltering - Copying 1 resource from src\main\resources to target\classes
2025-01-31 12:51:00,905 [Worker-63: Launching spring_boot_backend_template - DemoApplication] INFO  o.a.m.s.f.DefaultMavenResourcesFiltering - Copying 0 resource from src\main\resources to target\classes
2025-01-31 12:51:00,912 [Worker-63: Launching spring_boot_backend_template - DemoApplication] INFO  o.a.m.s.f.DefaultMavenResourcesFiltering - skip non existing resourceDirectory D:\kdestate\spring_boot_backend_template\src\test\resources
2025-01-31 12:51:25,504 [main] INFO  o.e.m2e.actions.ExecutePomAction - Creating new launch configuration
2025-01-31 12:51:35,396 [Worker-64: Launching spring_boot_backend_template] INFO  o.eclipse.m2e.core.internal.Bundles - getClasspathEntries(Bundle=org.eclipse.m2e.maven.runtime_3.9.900.20240824-1409 [360])
2025-01-31 12:51:35,403 [Worker-64: Launching spring_boot_backend_template] INFO  o.eclipse.m2e.core.internal.Bundles - 	Entry: C:\Users\sulbh\OneDrive\Desktop\spring-tool-suite-4-4.26.0.RELEASE-e4.33.0-win32.win32.x86_64\sts-4.26.0.RELEASE\plugins\org.eclipse.m2e.maven.runtime_3.9.900.20240824-1409
2025-01-31 12:51:35,404 [Worker-64: Launching spring_boot_backend_template] INFO  o.eclipse.m2e.core.internal.Bundles - 	Entry: C:\Users\sulbh\OneDrive\Desktop\spring-tool-suite-4-4.26.0.RELEASE-e4.33.0-win32.win32.x86_64\sts-4.26.0.RELEASE\plugins\org.eclipse.m2e.maven.runtime_3.9.900.20240824-1409\jars\aopalliance-1.0.jar
2025-01-31 12:51:35,404 [Worker-64: Launching spring_boot_backend_template] INFO  o.eclipse.m2e.core.internal.Bundles - 	Entry: C:\Users\sulbh\OneDrive\Desktop\spring-tool-suite-4-4.26.0.RELEASE-e4.33.0-win32.win32.x86_64\sts-4.26.0.RELEASE\plugins\org.eclipse.m2e.maven.runtime_3.9.900.20240824-1409\jars\guice-5.1.0.jar
2025-01-31 12:51:35,404 [Worker-64: Launching spring_boot_backend_template] INFO  o.eclipse.m2e.core.internal.Bundles - 	Entry: C:\Users\sulbh\OneDrive\Desktop\spring-tool-suite-4-4.26.0.RELEASE-e4.33.0-win32.win32.x86_64\sts-4.26.0.RELEASE\plugins\org.eclipse.m2e.maven.runtime_3.9.900.20240824-1409\jars\httpclient-4.5.14.jar
2025-01-31 12:51:35,405 [Worker-64: Launching spring_boot_backend_template] INFO  o.eclipse.m2e.core.internal.Bundles - 	Entry: C:\Users\sulbh\OneDrive\Desktop\spring-tool-suite-4-4.26.0.RELEASE-e4.33.0-win32.win32.x86_64\sts-4.26.0.RELEASE\plugins\org.eclipse.m2e.maven.runtime_3.9.900.20240824-1409\jars\httpcore-4.4.16.jar
2025-01-31 12:51:35,405 [Worker-64: Launching spring_boot_backend_template] INFO  o.eclipse.m2e.core.internal.Bundles - 	Entry: C:\Users\sulbh\OneDrive\Desktop\spring-tool-suite-4-4.26.0.RELEASE-e4.33.0-win32.win32.x86_64\sts-4.26.0.RELEASE\plugins\org.eclipse.m2e.maven.runtime_3.9.900.20240824-1409\jars\jansi-2.4.1.jar
2025-01-31 12:51:35,405 [Worker-64: Launching spring_boot_backend_template] INFO  o.eclipse.m2e.core.internal.Bundles - 	Entry: C:\Users\sulbh\OneDrive\Desktop\spring-tool-suite-4-4.26.0.RELEASE-e4.33.0-win32.win32.x86_64\sts-4.26.0.RELEASE\plugins\org.eclipse.m2e.maven.runtime_3.9.900.20240824-1409\jars\jcl-over-slf4j-1.7.36.jar
2025-01-31 12:51:35,406 [Worker-64: Launching spring_boot_backend_template] INFO  o.eclipse.m2e.core.internal.Bundles - 	Entry: C:\Users\sulbh\OneDrive\Desktop\spring-tool-suite-4-4.26.0.RELEASE-e4.33.0-win32.win32.x86_64\sts-4.26.0.RELEASE\plugins\org.eclipse.m2e.maven.runtime_3.9.900.20240824-1409\jars\maven-artifact-3.9.9.jar
2025-01-31 12:51:35,407 [Worker-64: Launching spring_boot_backend_template] INFO  o.eclipse.m2e.core.internal.Bundles - 	Entry: C:\Users\sulbh\OneDrive\Desktop\spring-tool-suite-4-4.26.0.RELEASE-e4.33.0-win32.win32.x86_64\sts-4.26.0.RELEASE\plugins\org.eclipse.m2e.maven.runtime_3.9.900.20240824-1409\jars\maven-builder-support-3.9.9.jar
2025-01-31 12:51:35,407 [Worker-64: Launching spring_boot_backend_template] INFO  o.eclipse.m2e.core.internal.Bundles - 	Entry: C:\Users\sulbh\OneDrive\Desktop\spring-tool-suite-4-4.26.0.RELEASE-e4.33.0-win32.win32.x86_64\sts-4.26.0.RELEASE\plugins\org.eclipse.m2e.maven.runtime_3.9.900.20240824-1409\jars\maven-compat-3.9.9.jar
2025-01-31 12:51:35,407 [Worker-64: Launching spring_boot_backend_template] INFO  o.eclipse.m2e.core.internal.Bundles - 	Entry: C:\Users\sulbh\OneDrive\Desktop\spring-tool-suite-4-4.26.0.RELEASE-e4.33.0-win32.win32.x86_64\sts-4.26.0.RELEASE\plugins\org.eclipse.m2e.maven.runtime_3.9.900.20240824-1409\jars\maven-core-3.9.9.jar
2025-01-31 12:51:35,408 [Worker-64: Launching spring_boot_backend_template] INFO  o.eclipse.m2e.core.internal.Bundles - 	Entry: C:\Users\sulbh\OneDrive\Desktop\spring-tool-suite-4-4.26.0.RELEASE-e4.33.0-win32.win32.x86_64\sts-4.26.0.RELEASE\plugins\org.eclipse.m2e.maven.runtime_3.9.900.20240824-1409\jars\maven-embedder-3.9.9.jar
2025-01-31 12:51:35,408 [Worker-64: Launching spring_boot_backend_template] INFO  o.eclipse.m2e.core.internal.Bundles - 	Entry: C:\Users\sulbh\OneDrive\Desktop\spring-tool-suite-4-4.26.0.RELEASE-e4.33.0-win32.win32.x86_64\sts-4.26.0.RELEASE\plugins\org.eclipse.m2e.maven.runtime_3.9.900.20240824-1409\jars\maven-model-3.9.9.jar
2025-01-31 12:51:35,408 [Worker-64: Launching spring_boot_backend_template] INFO  o.eclipse.m2e.core.internal.Bundles - 	Entry: C:\Users\sulbh\OneDrive\Desktop\spring-tool-suite-4-4.26.0.RELEASE-e4.33.0-win32.win32.x86_64\sts-4.26.0.RELEASE\plugins\org.eclipse.m2e.maven.runtime_3.9.900.20240824-1409\jars\maven-model-builder-3.9.9.jar
2025-01-31 12:51:35,409 [Worker-64: Launching spring_boot_backend_template] INFO  o.eclipse.m2e.core.internal.Bundles - 	Entry: C:\Users\sulbh\OneDrive\Desktop\spring-tool-suite-4-4.26.0.RELEASE-e4.33.0-win32.win32.x86_64\sts-4.26.0.RELEASE\plugins\org.eclipse.m2e.maven.runtime_3.9.900.20240824-1409\jars\maven-plugin-api-3.9.9.jar
2025-01-31 12:51:35,409 [Worker-64: Launching spring_boot_backend_template] INFO  o.eclipse.m2e.core.internal.Bundles - 	Entry: C:\Users\sulbh\OneDrive\Desktop\spring-tool-suite-4-4.26.0.RELEASE-e4.33.0-win32.win32.x86_64\sts-4.26.0.RELEASE\plugins\org.eclipse.m2e.maven.runtime_3.9.900.20240824-1409\jars\maven-repository-metadata-3.9.9.jar
2025-01-31 12:51:35,409 [Worker-64: Launching spring_boot_backend_template] INFO  o.eclipse.m2e.core.internal.Bundles - 	Entry: C:\Users\sulbh\OneDrive\Desktop\spring-tool-suite-4-4.26.0.RELEASE-e4.33.0-win32.win32.x86_64\sts-4.26.0.RELEASE\plugins\org.eclipse.m2e.maven.runtime_3.9.900.20240824-1409\jars\maven-resolver-api-1.9.22.jar
2025-01-31 12:51:35,409 [Worker-64: Launching spring_boot_backend_template] INFO  o.eclipse.m2e.core.internal.Bundles - 	Entry: C:\Users\sulbh\OneDrive\Desktop\spring-tool-suite-4-4.26.0.RELEASE-e4.33.0-win32.win32.x86_64\sts-4.26.0.RELEASE\plugins\org.eclipse.m2e.maven.runtime_3.9.900.20240824-1409\jars\maven-resolver-connector-basic-1.9.22.jar
2025-01-31 12:51:35,409 [Worker-64: Launching spring_boot_backend_template] INFO  o.eclipse.m2e.core.internal.Bundles - 	Entry: C:\Users\sulbh\OneDrive\Desktop\spring-tool-suite-4-4.26.0.RELEASE-e4.33.0-win32.win32.x86_64\sts-4.26.0.RELEASE\plugins\org.eclipse.m2e.maven.runtime_3.9.900.20240824-1409\jars\maven-resolver-impl-1.9.22.jar
2025-01-31 12:51:35,411 [Worker-64: Launching spring_boot_backend_template] INFO  o.eclipse.m2e.core.internal.Bundles - 	Entry: C:\Users\sulbh\OneDrive\Desktop\spring-tool-suite-4-4.26.0.RELEASE-e4.33.0-win32.win32.x86_64\sts-4.26.0.RELEASE\plugins\org.eclipse.m2e.maven.runtime_3.9.900.20240824-1409\jars\maven-resolver-named-locks-1.9.22.jar
2025-01-31 12:51:35,411 [Worker-64: Launching spring_boot_backend_template] INFO  o.eclipse.m2e.core.internal.Bundles - 	Entry: C:\Users\sulbh\OneDrive\Desktop\spring-tool-suite-4-4.26.0.RELEASE-e4.33.0-win32.win32.x86_64\sts-4.26.0.RELEASE\plugins\org.eclipse.m2e.maven.runtime_3.9.900.20240824-1409\jars\maven-resolver-provider-3.9.9.jar
2025-01-31 12:51:35,412 [Worker-64: Launching spring_boot_backend_template] INFO  o.eclipse.m2e.core.internal.Bundles - 	Entry: C:\Users\sulbh\OneDrive\Desktop\spring-tool-suite-4-4.26.0.RELEASE-e4.33.0-win32.win32.x86_64\sts-4.26.0.RELEASE\plugins\org.eclipse.m2e.maven.runtime_3.9.900.20240824-1409\jars\maven-resolver-spi-1.9.22.jar
2025-01-31 12:51:35,412 [Worker-64: Launching spring_boot_backend_template] INFO  o.eclipse.m2e.core.internal.Bundles - 	Entry: C:\Users\sulbh\OneDrive\Desktop\spring-tool-suite-4-4.26.0.RELEASE-e4.33.0-win32.win32.x86_64\sts-4.26.0.RELEASE\plugins\org.eclipse.m2e.maven.runtime_3.9.900.20240824-1409\jars\maven-resolver-transport-file-1.9.22.jar
2025-01-31 12:51:35,412 [Worker-64: Launching spring_boot_backend_template] INFO  o.eclipse.m2e.core.internal.Bundles - 	Entry: C:\Users\sulbh\OneDrive\Desktop\spring-tool-suite-4-4.26.0.RELEASE-e4.33.0-win32.win32.x86_64\sts-4.26.0.RELEASE\plugins\org.eclipse.m2e.maven.runtime_3.9.900.20240824-1409\jars\maven-resolver-transport-http-1.9.22.jar
2025-01-31 12:51:35,412 [Worker-64: Launching spring_boot_backend_template] INFO  o.eclipse.m2e.core.internal.Bundles - 	Entry: C:\Users\sulbh\OneDrive\Desktop\spring-tool-suite-4-4.26.0.RELEASE-e4.33.0-win32.win32.x86_64\sts-4.26.0.RELEASE\plugins\org.eclipse.m2e.maven.runtime_3.9.900.20240824-1409\jars\maven-resolver-transport-wagon-1.9.22.jar
2025-01-31 12:51:35,413 [Worker-64: Launching spring_boot_backend_template] INFO  o.eclipse.m2e.core.internal.Bundles - 	Entry: C:\Users\sulbh\OneDrive\Desktop\spring-tool-suite-4-4.26.0.RELEASE-e4.33.0-win32.win32.x86_64\sts-4.26.0.RELEASE\plugins\org.eclipse.m2e.maven.runtime_3.9.900.20240824-1409\jars\maven-resolver-util-1.9.22.jar
2025-01-31 12:51:35,414 [Worker-64: Launching spring_boot_backend_template] INFO  o.eclipse.m2e.core.internal.Bundles - 	Entry: C:\Users\sulbh\OneDrive\Desktop\spring-tool-suite-4-4.26.0.RELEASE-e4.33.0-win32.win32.x86_64\sts-4.26.0.RELEASE\plugins\org.eclipse.m2e.maven.runtime_3.9.900.20240824-1409\jars\maven-settings-3.9.9.jar
2025-01-31 12:51:35,414 [Worker-64: Launching spring_boot_backend_template] INFO  o.eclipse.m2e.core.internal.Bundles - 	Entry: C:\Users\sulbh\OneDrive\Desktop\spring-tool-suite-4-4.26.0.RELEASE-e4.33.0-win32.win32.x86_64\sts-4.26.0.RELEASE\plugins\org.eclipse.m2e.maven.runtime_3.9.900.20240824-1409\jars\maven-settings-builder-3.9.9.jar
2025-01-31 12:51:35,414 [Worker-64: Launching spring_boot_backend_template] INFO  o.eclipse.m2e.core.internal.Bundles - 	Entry: C:\Users\sulbh\OneDrive\Desktop\spring-tool-suite-4-4.26.0.RELEASE-e4.33.0-win32.win32.x86_64\sts-4.26.0.RELEASE\plugins\org.eclipse.m2e.maven.runtime_3.9.900.20240824-1409\jars\maven-shared-utils-3.4.2.jar
2025-01-31 12:51:35,415 [Worker-64: Launching spring_boot_backend_template] INFO  o.eclipse.m2e.core.internal.Bundles - 	Entry: C:\Users\sulbh\OneDrive\Desktop\spring-tool-suite-4-4.26.0.RELEASE-e4.33.0-win32.win32.x86_64\sts-4.26.0.RELEASE\plugins\org.eclipse.m2e.maven.runtime_3.9.900.20240824-1409\jars\org.eclipse.sisu.inject-0.9.0.M3.jar
2025-01-31 12:51:35,415 [Worker-64: Launching spring_boot_backend_template] INFO  o.eclipse.m2e.core.internal.Bundles - 	Entry: C:\Users\sulbh\OneDrive\Desktop\spring-tool-suite-4-4.26.0.RELEASE-e4.33.0-win32.win32.x86_64\sts-4.26.0.RELEASE\plugins\org.eclipse.m2e.maven.runtime_3.9.900.20240824-1409\jars\org.eclipse.sisu.plexus-0.9.0.M3.jar
2025-01-31 12:51:35,416 [Worker-64: Launching spring_boot_backend_template] INFO  o.eclipse.m2e.core.internal.Bundles - 	Entry: C:\Users\sulbh\OneDrive\Desktop\spring-tool-suite-4-4.26.0.RELEASE-e4.33.0-win32.win32.x86_64\sts-4.26.0.RELEASE\plugins\org.eclipse.m2e.maven.runtime_3.9.900.20240824-1409\jars\plexus-build-api-0.0.7.jar
2025-01-31 12:51:35,416 [Worker-64: Launching spring_boot_backend_template] INFO  o.eclipse.m2e.core.internal.Bundles - 	Entry: C:\Users\sulbh\OneDrive\Desktop\spring-tool-suite-4-4.26.0.RELEASE-e4.33.0-win32.win32.x86_64\sts-4.26.0.RELEASE\plugins\org.eclipse.m2e.maven.runtime_3.9.900.20240824-1409\jars\plexus-build-api-1.2.0.jar
2025-01-31 12:51:35,416 [Worker-64: Launching spring_boot_backend_template] INFO  o.eclipse.m2e.core.internal.Bundles - 	Entry: C:\Users\sulbh\OneDrive\Desktop\spring-tool-suite-4-4.26.0.RELEASE-e4.33.0-win32.win32.x86_64\sts-4.26.0.RELEASE\plugins\org.eclipse.m2e.maven.runtime_3.9.900.20240824-1409\jars\plexus-cipher-2.0.jar
2025-01-31 12:51:35,417 [Worker-64: Launching spring_boot_backend_template] INFO  o.eclipse.m2e.core.internal.Bundles - 	Entry: C:\Users\sulbh\OneDrive\Desktop\spring-tool-suite-4-4.26.0.RELEASE-e4.33.0-win32.win32.x86_64\sts-4.26.0.RELEASE\plugins\org.eclipse.m2e.maven.runtime_3.9.900.20240824-1409\jars\plexus-classworlds-2.8.0.jar
2025-01-31 12:51:35,417 [Worker-64: Launching spring_boot_backend_template] INFO  o.eclipse.m2e.core.internal.Bundles - 	Entry: C:\Users\sulbh\OneDrive\Desktop\spring-tool-suite-4-4.26.0.RELEASE-e4.33.0-win32.win32.x86_64\sts-4.26.0.RELEASE\plugins\org.eclipse.m2e.maven.runtime_3.9.900.20240824-1409\jars\plexus-component-annotations-2.1.0.jar
2025-01-31 12:51:35,418 [Worker-64: Launching spring_boot_backend_template] INFO  o.eclipse.m2e.core.internal.Bundles - 	Entry: C:\Users\sulbh\OneDrive\Desktop\spring-tool-suite-4-4.26.0.RELEASE-e4.33.0-win32.win32.x86_64\sts-4.26.0.RELEASE\plugins\org.eclipse.m2e.maven.runtime_3.9.900.20240824-1409\jars\plexus-interpolation-1.27.jar
2025-01-31 12:51:35,418 [Worker-64: Launching spring_boot_backend_template] INFO  o.eclipse.m2e.core.internal.Bundles - 	Entry: C:\Users\sulbh\OneDrive\Desktop\spring-tool-suite-4-4.26.0.RELEASE-e4.33.0-win32.win32.x86_64\sts-4.26.0.RELEASE\plugins\org.eclipse.m2e.maven.runtime_3.9.900.20240824-1409\jars\plexus-sec-dispatcher-2.0.jar
2025-01-31 12:51:35,418 [Worker-64: Launching spring_boot_backend_template] INFO  o.eclipse.m2e.core.internal.Bundles - 	Entry: C:\Users\sulbh\OneDrive\Desktop\spring-tool-suite-4-4.26.0.RELEASE-e4.33.0-win32.win32.x86_64\sts-4.26.0.RELEASE\plugins\org.eclipse.m2e.maven.runtime_3.9.900.20240824-1409\jars\plexus-utils-3.5.1.jar
2025-01-31 12:51:35,419 [Worker-64: Launching spring_boot_backend_template] INFO  o.eclipse.m2e.core.internal.Bundles - 	Entry: C:\Users\sulbh\OneDrive\Desktop\spring-tool-suite-4-4.26.0.RELEASE-e4.33.0-win32.win32.x86_64\sts-4.26.0.RELEASE\plugins\org.eclipse.m2e.maven.runtime_3.9.900.20240824-1409\jars\plexus-xml-3.0.1.jar
2025-01-31 12:51:35,420 [Worker-64: Launching spring_boot_backend_template] INFO  o.eclipse.m2e.core.internal.Bundles - 	Entry: C:\Users\sulbh\OneDrive\Desktop\spring-tool-suite-4-4.26.0.RELEASE-e4.33.0-win32.win32.x86_64\sts-4.26.0.RELEASE\plugins\org.eclipse.m2e.maven.runtime_3.9.900.20240824-1409\jars\wagon-file-3.5.3.jar
2025-01-31 12:51:35,420 [Worker-64: Launching spring_boot_backend_template] INFO  o.eclipse.m2e.core.internal.Bundles - 	Entry: C:\Users\sulbh\OneDrive\Desktop\spring-tool-suite-4-4.26.0.RELEASE-e4.33.0-win32.win32.x86_64\sts-4.26.0.RELEASE\plugins\org.eclipse.m2e.maven.runtime_3.9.900.20240824-1409\jars\wagon-http-3.5.3.jar
2025-01-31 12:51:35,420 [Worker-64: Launching spring_boot_backend_template] INFO  o.eclipse.m2e.core.internal.Bundles - 	Entry: C:\Users\sulbh\OneDrive\Desktop\spring-tool-suite-4-4.26.0.RELEASE-e4.33.0-win32.win32.x86_64\sts-4.26.0.RELEASE\plugins\org.eclipse.m2e.maven.runtime_3.9.900.20240824-1409\jars\wagon-http-shared-3.5.3.jar
2025-01-31 12:51:35,420 [Worker-64: Launching spring_boot_backend_template] INFO  o.eclipse.m2e.core.internal.Bundles - 	Entry: C:\Users\sulbh\OneDrive\Desktop\spring-tool-suite-4-4.26.0.RELEASE-e4.33.0-win32.win32.x86_64\sts-4.26.0.RELEASE\plugins\org.eclipse.m2e.maven.runtime_3.9.900.20240824-1409\jars\wagon-provider-api-3.5.3.jar
2025-01-31 12:51:35,422 [Worker-64: Launching spring_boot_backend_template] INFO  o.eclipse.m2e.core.internal.Bundles - getClasspathEntries(Bundle=com.google.guava_33.3.0.jre [29])
2025-01-31 12:51:35,423 [Worker-64: Launching spring_boot_backend_template] INFO  o.eclipse.m2e.core.internal.Bundles - 	Entry: C:\Users\sulbh\OneDrive\Desktop\spring-tool-suite-4-4.26.0.RELEASE-e4.33.0-win32.win32.x86_64\sts-4.26.0.RELEASE\plugins\com.google.guava_33.3.0.jre.jar
2025-01-31 12:51:35,424 [Worker-64: Launching spring_boot_backend_template] INFO  o.eclipse.m2e.core.internal.Bundles - getClasspathEntries(Bundle=slf4j.api_2.0.16 [593])
2025-01-31 12:51:35,425 [Worker-64: Launching spring_boot_backend_template] INFO  o.eclipse.m2e.core.internal.Bundles - 	Entry: C:\Users\sulbh\OneDrive\Desktop\spring-tool-suite-4-4.26.0.RELEASE-e4.33.0-win32.win32.x86_64\sts-4.26.0.RELEASE\plugins\slf4j.api_2.0.16.jar
2025-01-31 12:51:35,425 [Worker-64: Launching spring_boot_backend_template] INFO  o.eclipse.m2e.core.internal.Bundles - getClasspathEntries(Bundle=jakarta.inject.jakarta.inject-api_1.0.5 [45])
2025-01-31 12:51:35,426 [Worker-64: Launching spring_boot_backend_template] INFO  o.eclipse.m2e.core.internal.Bundles - 	Entry: C:\Users\sulbh\OneDrive\Desktop\spring-tool-suite-4-4.26.0.RELEASE-e4.33.0-win32.win32.x86_64\sts-4.26.0.RELEASE\plugins\jakarta.inject.jakarta.inject-api_1.0.5.jar
2025-01-31 12:51:35,428 [Worker-64: Launching spring_boot_backend_template] INFO  o.eclipse.m2e.core.internal.Bundles - getClasspathEntries(Bundle=jakarta.annotation-api_1.3.5 [41])
2025-01-31 12:51:35,428 [Worker-64: Launching spring_boot_backend_template] INFO  o.eclipse.m2e.core.internal.Bundles - 	Entry: C:\Users\sulbh\OneDrive\Desktop\spring-tool-suite-4-4.26.0.RELEASE-e4.33.0-win32.win32.x86_64\sts-4.26.0.RELEASE\plugins\jakarta.annotation-api_1.3.5.jar
2025-01-31 12:51:35,429 [Worker-64: Launching spring_boot_backend_template] INFO  o.eclipse.m2e.core.internal.Bundles - getClasspathEntries(Bundle=org.apache.commons.cli_1.9.0 [77])
2025-01-31 12:51:35,430 [Worker-64: Launching spring_boot_backend_template] INFO  o.eclipse.m2e.core.internal.Bundles - 	Entry: C:\Users\sulbh\OneDrive\Desktop\spring-tool-suite-4-4.26.0.RELEASE-e4.33.0-win32.win32.x86_64\sts-4.26.0.RELEASE\plugins\org.apache.commons.cli_1.9.0.jar
2025-01-31 12:51:35,430 [Worker-64: Launching spring_boot_backend_template] INFO  o.eclipse.m2e.core.internal.Bundles - getClasspathEntries(Bundle=org.apache.commons.commons-codec_1.16.0 [80])
2025-01-31 12:51:35,430 [Worker-64: Launching spring_boot_backend_template] INFO  o.eclipse.m2e.core.internal.Bundles - 	Entry: C:\Users\sulbh\OneDrive\Desktop\spring-tool-suite-4-4.26.0.RELEASE-e4.33.0-win32.win32.x86_64\sts-4.26.0.RELEASE\plugins\org.apache.commons.commons-codec_1.16.0.jar
2025-01-31 12:51:35,431 [Worker-64: Launching spring_boot_backend_template] INFO  o.eclipse.m2e.core.internal.Bundles - getClasspathEntries(Bundle=com.google.guava.failureaccess_1.0.2 [30])
2025-01-31 12:51:35,432 [Worker-64: Launching spring_boot_backend_template] INFO  o.eclipse.m2e.core.internal.Bundles - 	Entry: C:\Users\sulbh\OneDrive\Desktop\spring-tool-suite-4-4.26.0.RELEASE-e4.33.0-win32.win32.x86_64\sts-4.26.0.RELEASE\plugins\com.google.guava.failureaccess_1.0.2.jar
2025-01-31 12:51:35,436 [Worker-64: Launching spring_boot_backend_template] INFO  o.e.m.i.launch.MavenLaunchDelegate - Run build in "D:\kdestate\spring_boot_backend_template":
2025-01-31 12:51:35,437 [Worker-64: Launching spring_boot_backend_template] INFO  o.e.m.i.launch.MavenLaunchDelegate -  mvn  -B -Dstyle.color=always clean package
2025-01-31 12:52:35,086 [Worker-63: Searching...] INFO  o.eclipse.m2e.core.internal.Bundles - getClasspathEntries(Bundle=org.eclipse.m2e.workspace.cli_0.3.1 [369])
2025-01-31 12:52:35,089 [Worker-63: Searching...] INFO  o.eclipse.m2e.core.internal.Bundles - 	Entry: C:\Users\sulbh\OneDrive\Desktop\spring-tool-suite-4-4.26.0.RELEASE-e4.33.0-win32.win32.x86_64\sts-4.26.0.RELEASE\plugins\org.eclipse.m2e.workspace.cli_0.3.1.jar
2025-01-31 12:52:35,484 [Worker-63: Searching...] INFO  o.e.m.c.i.e.AbstractTransferListenerAdapter - Downloading https://repo.maven.apache.org/maven2/io/takari/m2e/workspace/org.eclipse.m2e.workspace.cli/0.3.1/org.eclipse.m2e.workspace.cli-0.3.1-sources.jar
2025-01-31 12:52:35,508 [Worker-63: Searching...] INFO  o.e.m.c.i.e.AbstractTransferListenerAdapter - Downloaded https://repo.maven.apache.org/maven2/io/takari/m2e/workspace/org.eclipse.m2e.workspace.cli/0.3.1/org.eclipse.m2e.workspace.cli-0.3.1-sources.jar
2025-01-31 12:52:35,521 [Worker-63: Searching...] INFO  o.eclipse.m2e.core.internal.Bundles - getClasspathEntries(Bundle=org.eclipse.m2e.maven.runtime_3.9.900.20240824-1409 [360])
2025-01-31 12:52:35,522 [Worker-63: Searching...] INFO  o.eclipse.m2e.core.internal.Bundles - 	Entry: C:\Users\sulbh\OneDrive\Desktop\spring-tool-suite-4-4.26.0.RELEASE-e4.33.0-win32.win32.x86_64\sts-4.26.0.RELEASE\plugins\org.eclipse.m2e.maven.runtime_3.9.900.20240824-1409
2025-01-31 12:52:35,522 [Worker-63: Searching...] INFO  o.eclipse.m2e.core.internal.Bundles - 	Entry: C:\Users\sulbh\OneDrive\Desktop\spring-tool-suite-4-4.26.0.RELEASE-e4.33.0-win32.win32.x86_64\sts-4.26.0.RELEASE\plugins\org.eclipse.m2e.maven.runtime_3.9.900.20240824-1409\jars\aopalliance-1.0.jar
2025-01-31 12:52:35,523 [Worker-63: Searching...] INFO  o.eclipse.m2e.core.internal.Bundles - 	Entry: C:\Users\sulbh\OneDrive\Desktop\spring-tool-suite-4-4.26.0.RELEASE-e4.33.0-win32.win32.x86_64\sts-4.26.0.RELEASE\plugins\org.eclipse.m2e.maven.runtime_3.9.900.20240824-1409\jars\guice-5.1.0.jar
2025-01-31 12:52:35,523 [Worker-63: Searching...] INFO  o.eclipse.m2e.core.internal.Bundles - 	Entry: C:\Users\sulbh\OneDrive\Desktop\spring-tool-suite-4-4.26.0.RELEASE-e4.33.0-win32.win32.x86_64\sts-4.26.0.RELEASE\plugins\org.eclipse.m2e.maven.runtime_3.9.900.20240824-1409\jars\httpclient-4.5.14.jar
2025-01-31 12:52:35,523 [Worker-63: Searching...] INFO  o.eclipse.m2e.core.internal.Bundles - 	Entry: C:\Users\sulbh\OneDrive\Desktop\spring-tool-suite-4-4.26.0.RELEASE-e4.33.0-win32.win32.x86_64\sts-4.26.0.RELEASE\plugins\org.eclipse.m2e.maven.runtime_3.9.900.20240824-1409\jars\httpcore-4.4.16.jar
2025-01-31 12:52:35,524 [Worker-63: Searching...] INFO  o.eclipse.m2e.core.internal.Bundles - 	Entry: C:\Users\sulbh\OneDrive\Desktop\spring-tool-suite-4-4.26.0.RELEASE-e4.33.0-win32.win32.x86_64\sts-4.26.0.RELEASE\plugins\org.eclipse.m2e.maven.runtime_3.9.900.20240824-1409\jars\jansi-2.4.1.jar
2025-01-31 12:52:35,525 [Worker-63: Searching...] INFO  o.eclipse.m2e.core.internal.Bundles - 	Entry: C:\Users\sulbh\OneDrive\Desktop\spring-tool-suite-4-4.26.0.RELEASE-e4.33.0-win32.win32.x86_64\sts-4.26.0.RELEASE\plugins\org.eclipse.m2e.maven.runtime_3.9.900.20240824-1409\jars\jcl-over-slf4j-1.7.36.jar
2025-01-31 12:52:35,525 [Worker-63: Searching...] INFO  o.eclipse.m2e.core.internal.Bundles - 	Entry: C:\Users\sulbh\OneDrive\Desktop\spring-tool-suite-4-4.26.0.RELEASE-e4.33.0-win32.win32.x86_64\sts-4.26.0.RELEASE\plugins\org.eclipse.m2e.maven.runtime_3.9.900.20240824-1409\jars\maven-artifact-3.9.9.jar
2025-01-31 12:52:35,526 [Worker-63: Searching...] INFO  o.eclipse.m2e.core.internal.Bundles - 	Entry: C:\Users\sulbh\OneDrive\Desktop\spring-tool-suite-4-4.26.0.RELEASE-e4.33.0-win32.win32.x86_64\sts-4.26.0.RELEASE\plugins\org.eclipse.m2e.maven.runtime_3.9.900.20240824-1409\jars\maven-builder-support-3.9.9.jar
2025-01-31 12:52:35,527 [Worker-63: Searching...] INFO  o.eclipse.m2e.core.internal.Bundles - 	Entry: C:\Users\sulbh\OneDrive\Desktop\spring-tool-suite-4-4.26.0.RELEASE-e4.33.0-win32.win32.x86_64\sts-4.26.0.RELEASE\plugins\org.eclipse.m2e.maven.runtime_3.9.900.20240824-1409\jars\maven-compat-3.9.9.jar
2025-01-31 12:52:35,527 [Worker-63: Searching...] INFO  o.eclipse.m2e.core.internal.Bundles - 	Entry: C:\Users\sulbh\OneDrive\Desktop\spring-tool-suite-4-4.26.0.RELEASE-e4.33.0-win32.win32.x86_64\sts-4.26.0.RELEASE\plugins\org.eclipse.m2e.maven.runtime_3.9.900.20240824-1409\jars\maven-core-3.9.9.jar
2025-01-31 12:52:35,527 [Worker-63: Searching...] INFO  o.eclipse.m2e.core.internal.Bundles - 	Entry: C:\Users\sulbh\OneDrive\Desktop\spring-tool-suite-4-4.26.0.RELEASE-e4.33.0-win32.win32.x86_64\sts-4.26.0.RELEASE\plugins\org.eclipse.m2e.maven.runtime_3.9.900.20240824-1409\jars\maven-embedder-3.9.9.jar
2025-01-31 12:52:35,528 [Worker-63: Searching...] INFO  o.eclipse.m2e.core.internal.Bundles - 	Entry: C:\Users\sulbh\OneDrive\Desktop\spring-tool-suite-4-4.26.0.RELEASE-e4.33.0-win32.win32.x86_64\sts-4.26.0.RELEASE\plugins\org.eclipse.m2e.maven.runtime_3.9.900.20240824-1409\jars\maven-model-3.9.9.jar
2025-01-31 12:52:35,528 [Worker-63: Searching...] INFO  o.eclipse.m2e.core.internal.Bundles - 	Entry: C:\Users\sulbh\OneDrive\Desktop\spring-tool-suite-4-4.26.0.RELEASE-e4.33.0-win32.win32.x86_64\sts-4.26.0.RELEASE\plugins\org.eclipse.m2e.maven.runtime_3.9.900.20240824-1409\jars\maven-model-builder-3.9.9.jar
2025-01-31 12:52:35,528 [Worker-63: Searching...] INFO  o.eclipse.m2e.core.internal.Bundles - 	Entry: C:\Users\sulbh\OneDrive\Desktop\spring-tool-suite-4-4.26.0.RELEASE-e4.33.0-win32.win32.x86_64\sts-4.26.0.RELEASE\plugins\org.eclipse.m2e.maven.runtime_3.9.900.20240824-1409\jars\maven-plugin-api-3.9.9.jar
2025-01-31 12:52:35,529 [Worker-63: Searching...] INFO  o.eclipse.m2e.core.internal.Bundles - 	Entry: C:\Users\sulbh\OneDrive\Desktop\spring-tool-suite-4-4.26.0.RELEASE-e4.33.0-win32.win32.x86_64\sts-4.26.0.RELEASE\plugins\org.eclipse.m2e.maven.runtime_3.9.900.20240824-1409\jars\maven-repository-metadata-3.9.9.jar
2025-01-31 12:52:35,530 [Worker-63: Searching...] INFO  o.eclipse.m2e.core.internal.Bundles - 	Entry: C:\Users\sulbh\OneDrive\Desktop\spring-tool-suite-4-4.26.0.RELEASE-e4.33.0-win32.win32.x86_64\sts-4.26.0.RELEASE\plugins\org.eclipse.m2e.maven.runtime_3.9.900.20240824-1409\jars\maven-resolver-api-1.9.22.jar
2025-01-31 12:52:35,531 [Worker-63: Searching...] INFO  o.eclipse.m2e.core.internal.Bundles - 	Entry: C:\Users\sulbh\OneDrive\Desktop\spring-tool-suite-4-4.26.0.RELEASE-e4.33.0-win32.win32.x86_64\sts-4.26.0.RELEASE\plugins\org.eclipse.m2e.maven.runtime_3.9.900.20240824-1409\jars\maven-resolver-connector-basic-1.9.22.jar
2025-01-31 12:52:35,531 [Worker-63: Searching...] INFO  o.eclipse.m2e.core.internal.Bundles - 	Entry: C:\Users\sulbh\OneDrive\Desktop\spring-tool-suite-4-4.26.0.RELEASE-e4.33.0-win32.win32.x86_64\sts-4.26.0.RELEASE\plugins\org.eclipse.m2e.maven.runtime_3.9.900.20240824-1409\jars\maven-resolver-impl-1.9.22.jar
2025-01-31 12:52:35,532 [Worker-63: Searching...] INFO  o.eclipse.m2e.core.internal.Bundles - 	Entry: C:\Users\sulbh\OneDrive\Desktop\spring-tool-suite-4-4.26.0.RELEASE-e4.33.0-win32.win32.x86_64\sts-4.26.0.RELEASE\plugins\org.eclipse.m2e.maven.runtime_3.9.900.20240824-1409\jars\maven-resolver-named-locks-1.9.22.jar
2025-01-31 12:52:35,533 [Worker-63: Searching...] INFO  o.eclipse.m2e.core.internal.Bundles - 	Entry: C:\Users\sulbh\OneDrive\Desktop\spring-tool-suite-4-4.26.0.RELEASE-e4.33.0-win32.win32.x86_64\sts-4.26.0.RELEASE\plugins\org.eclipse.m2e.maven.runtime_3.9.900.20240824-1409\jars\maven-resolver-provider-3.9.9.jar
2025-01-31 12:52:35,534 [Worker-63: Searching...] INFO  o.eclipse.m2e.core.internal.Bundles - 	Entry: C:\Users\sulbh\OneDrive\Desktop\spring-tool-suite-4-4.26.0.RELEASE-e4.33.0-win32.win32.x86_64\sts-4.26.0.RELEASE\plugins\org.eclipse.m2e.maven.runtime_3.9.900.20240824-1409\jars\maven-resolver-spi-1.9.22.jar
2025-01-31 12:52:35,534 [Worker-63: Searching...] INFO  o.eclipse.m2e.core.internal.Bundles - 	Entry: C:\Users\sulbh\OneDrive\Desktop\spring-tool-suite-4-4.26.0.RELEASE-e4.33.0-win32.win32.x86_64\sts-4.26.0.RELEASE\plugins\org.eclipse.m2e.maven.runtime_3.9.900.20240824-1409\jars\maven-resolver-transport-file-1.9.22.jar
2025-01-31 12:52:35,534 [Worker-63: Searching...] INFO  o.eclipse.m2e.core.internal.Bundles - 	Entry: C:\Users\sulbh\OneDrive\Desktop\spring-tool-suite-4-4.26.0.RELEASE-e4.33.0-win32.win32.x86_64\sts-4.26.0.RELEASE\plugins\org.eclipse.m2e.maven.runtime_3.9.900.20240824-1409\jars\maven-resolver-transport-http-1.9.22.jar
2025-01-31 12:52:35,534 [Worker-63: Searching...] INFO  o.eclipse.m2e.core.internal.Bundles - 	Entry: C:\Users\sulbh\OneDrive\Desktop\spring-tool-suite-4-4.26.0.RELEASE-e4.33.0-win32.win32.x86_64\sts-4.26.0.RELEASE\plugins\org.eclipse.m2e.maven.runtime_3.9.900.20240824-1409\jars\maven-resolver-transport-wagon-1.9.22.jar
2025-01-31 12:52:35,535 [Worker-63: Searching...] INFO  o.eclipse.m2e.core.internal.Bundles - 	Entry: C:\Users\sulbh\OneDrive\Desktop\spring-tool-suite-4-4.26.0.RELEASE-e4.33.0-win32.win32.x86_64\sts-4.26.0.RELEASE\plugins\org.eclipse.m2e.maven.runtime_3.9.900.20240824-1409\jars\maven-resolver-util-1.9.22.jar
2025-01-31 12:52:35,535 [Worker-63: Searching...] INFO  o.eclipse.m2e.core.internal.Bundles - 	Entry: C:\Users\sulbh\OneDrive\Desktop\spring-tool-suite-4-4.26.0.RELEASE-e4.33.0-win32.win32.x86_64\sts-4.26.0.RELEASE\plugins\org.eclipse.m2e.maven.runtime_3.9.900.20240824-1409\jars\maven-settings-3.9.9.jar
2025-01-31 12:52:35,535 [Worker-63: Searching...] INFO  o.eclipse.m2e.core.internal.Bundles - 	Entry: C:\Users\sulbh\OneDrive\Desktop\spring-tool-suite-4-4.26.0.RELEASE-e4.33.0-win32.win32.x86_64\sts-4.26.0.RELEASE\plugins\org.eclipse.m2e.maven.runtime_3.9.900.20240824-1409\jars\maven-settings-builder-3.9.9.jar
2025-01-31 12:52:35,535 [Worker-63: Searching...] INFO  o.eclipse.m2e.core.internal.Bundles - 	Entry: C:\Users\sulbh\OneDrive\Desktop\spring-tool-suite-4-4.26.0.RELEASE-e4.33.0-win32.win32.x86_64\sts-4.26.0.RELEASE\plugins\org.eclipse.m2e.maven.runtime_3.9.900.20240824-1409\jars\maven-shared-utils-3.4.2.jar
2025-01-31 12:52:35,536 [Worker-63: Searching...] INFO  o.eclipse.m2e.core.internal.Bundles - 	Entry: C:\Users\sulbh\OneDrive\Desktop\spring-tool-suite-4-4.26.0.RELEASE-e4.33.0-win32.win32.x86_64\sts-4.26.0.RELEASE\plugins\org.eclipse.m2e.maven.runtime_3.9.900.20240824-1409\jars\org.eclipse.sisu.inject-0.9.0.M3.jar
2025-01-31 12:52:35,536 [Worker-63: Searching...] INFO  o.eclipse.m2e.core.internal.Bundles - 	Entry: C:\Users\sulbh\OneDrive\Desktop\spring-tool-suite-4-4.26.0.RELEASE-e4.33.0-win32.win32.x86_64\sts-4.26.0.RELEASE\plugins\org.eclipse.m2e.maven.runtime_3.9.900.20240824-1409\jars\org.eclipse.sisu.plexus-0.9.0.M3.jar
2025-01-31 12:52:35,536 [Worker-63: Searching...] INFO  o.eclipse.m2e.core.internal.Bundles - 	Entry: C:\Users\sulbh\OneDrive\Desktop\spring-tool-suite-4-4.26.0.RELEASE-e4.33.0-win32.win32.x86_64\sts-4.26.0.RELEASE\plugins\org.eclipse.m2e.maven.runtime_3.9.900.20240824-1409\jars\plexus-build-api-0.0.7.jar
2025-01-31 12:52:35,536 [Worker-63: Searching...] INFO  o.eclipse.m2e.core.internal.Bundles - 	Entry: C:\Users\sulbh\OneDrive\Desktop\spring-tool-suite-4-4.26.0.RELEASE-e4.33.0-win32.win32.x86_64\sts-4.26.0.RELEASE\plugins\org.eclipse.m2e.maven.runtime_3.9.900.20240824-1409\jars\plexus-build-api-1.2.0.jar
2025-01-31 12:52:35,536 [Worker-63: Searching...] INFO  o.eclipse.m2e.core.internal.Bundles - 	Entry: C:\Users\sulbh\OneDrive\Desktop\spring-tool-suite-4-4.26.0.RELEASE-e4.33.0-win32.win32.x86_64\sts-4.26.0.RELEASE\plugins\org.eclipse.m2e.maven.runtime_3.9.900.20240824-1409\jars\plexus-cipher-2.0.jar
2025-01-31 12:52:35,536 [Worker-63: Searching...] INFO  o.eclipse.m2e.core.internal.Bundles - 	Entry: C:\Users\sulbh\OneDrive\Desktop\spring-tool-suite-4-4.26.0.RELEASE-e4.33.0-win32.win32.x86_64\sts-4.26.0.RELEASE\plugins\org.eclipse.m2e.maven.runtime_3.9.900.20240824-1409\jars\plexus-classworlds-2.8.0.jar
2025-01-31 12:52:35,537 [Worker-63: Searching...] INFO  o.eclipse.m2e.core.internal.Bundles - 	Entry: C:\Users\sulbh\OneDrive\Desktop\spring-tool-suite-4-4.26.0.RELEASE-e4.33.0-win32.win32.x86_64\sts-4.26.0.RELEASE\plugins\org.eclipse.m2e.maven.runtime_3.9.900.20240824-1409\jars\plexus-component-annotations-2.1.0.jar
2025-01-31 12:52:35,537 [Worker-63: Searching...] INFO  o.eclipse.m2e.core.internal.Bundles - 	Entry: C:\Users\sulbh\OneDrive\Desktop\spring-tool-suite-4-4.26.0.RELEASE-e4.33.0-win32.win32.x86_64\sts-4.26.0.RELEASE\plugins\org.eclipse.m2e.maven.runtime_3.9.900.20240824-1409\jars\plexus-interpolation-1.27.jar
2025-01-31 12:52:35,537 [Worker-63: Searching...] INFO  o.eclipse.m2e.core.internal.Bundles - 	Entry: C:\Users\sulbh\OneDrive\Desktop\spring-tool-suite-4-4.26.0.RELEASE-e4.33.0-win32.win32.x86_64\sts-4.26.0.RELEASE\plugins\org.eclipse.m2e.maven.runtime_3.9.900.20240824-1409\jars\plexus-sec-dispatcher-2.0.jar
2025-01-31 12:52:35,537 [Worker-63: Searching...] INFO  o.eclipse.m2e.core.internal.Bundles - 	Entry: C:\Users\sulbh\OneDrive\Desktop\spring-tool-suite-4-4.26.0.RELEASE-e4.33.0-win32.win32.x86_64\sts-4.26.0.RELEASE\plugins\org.eclipse.m2e.maven.runtime_3.9.900.20240824-1409\jars\plexus-utils-3.5.1.jar
2025-01-31 12:52:35,537 [Worker-63: Searching...] INFO  o.eclipse.m2e.core.internal.Bundles - 	Entry: C:\Users\sulbh\OneDrive\Desktop\spring-tool-suite-4-4.26.0.RELEASE-e4.33.0-win32.win32.x86_64\sts-4.26.0.RELEASE\plugins\org.eclipse.m2e.maven.runtime_3.9.900.20240824-1409\jars\plexus-xml-3.0.1.jar
2025-01-31 12:52:35,538 [Worker-63: Searching...] INFO  o.eclipse.m2e.core.internal.Bundles - 	Entry: C:\Users\sulbh\OneDrive\Desktop\spring-tool-suite-4-4.26.0.RELEASE-e4.33.0-win32.win32.x86_64\sts-4.26.0.RELEASE\plugins\org.eclipse.m2e.maven.runtime_3.9.900.20240824-1409\jars\wagon-file-3.5.3.jar
2025-01-31 12:52:35,538 [Worker-63: Searching...] INFO  o.eclipse.m2e.core.internal.Bundles - 	Entry: C:\Users\sulbh\OneDrive\Desktop\spring-tool-suite-4-4.26.0.RELEASE-e4.33.0-win32.win32.x86_64\sts-4.26.0.RELEASE\plugins\org.eclipse.m2e.maven.runtime_3.9.900.20240824-1409\jars\wagon-http-3.5.3.jar
2025-01-31 12:52:35,538 [Worker-63: Searching...] INFO  o.eclipse.m2e.core.internal.Bundles - 	Entry: C:\Users\sulbh\OneDrive\Desktop\spring-tool-suite-4-4.26.0.RELEASE-e4.33.0-win32.win32.x86_64\sts-4.26.0.RELEASE\plugins\org.eclipse.m2e.maven.runtime_3.9.900.20240824-1409\jars\wagon-http-shared-3.5.3.jar
2025-01-31 12:52:35,538 [Worker-63: Searching...] INFO  o.eclipse.m2e.core.internal.Bundles - 	Entry: C:\Users\sulbh\OneDrive\Desktop\spring-tool-suite-4-4.26.0.RELEASE-e4.33.0-win32.win32.x86_64\sts-4.26.0.RELEASE\plugins\org.eclipse.m2e.maven.runtime_3.9.900.20240824-1409\jars\wagon-provider-api-3.5.3.jar
2025-01-31 12:52:35,540 [Worker-63: Searching...] INFO  o.eclipse.m2e.core.internal.Bundles - getClasspathEntries(Bundle=com.google.guava_33.3.0.jre [29])
2025-01-31 12:52:35,540 [Worker-63: Searching...] INFO  o.eclipse.m2e.core.internal.Bundles - 	Entry: C:\Users\sulbh\OneDrive\Desktop\spring-tool-suite-4-4.26.0.RELEASE-e4.33.0-win32.win32.x86_64\sts-4.26.0.RELEASE\plugins\com.google.guava_33.3.0.jre.jar
2025-01-31 12:52:35,540 [Worker-63: Searching...] INFO  o.eclipse.m2e.core.internal.Bundles - getClasspathEntries(Bundle=slf4j.api_2.0.16 [593])
2025-01-31 12:52:35,541 [Worker-63: Searching...] INFO  o.eclipse.m2e.core.internal.Bundles - 	Entry: C:\Users\sulbh\OneDrive\Desktop\spring-tool-suite-4-4.26.0.RELEASE-e4.33.0-win32.win32.x86_64\sts-4.26.0.RELEASE\plugins\slf4j.api_2.0.16.jar
2025-01-31 12:52:35,541 [Worker-63: Searching...] INFO  o.eclipse.m2e.core.internal.Bundles - getClasspathEntries(Bundle=jakarta.inject.jakarta.inject-api_1.0.5 [45])
2025-01-31 12:52:35,542 [Worker-63: Searching...] INFO  o.eclipse.m2e.core.internal.Bundles - 	Entry: C:\Users\sulbh\OneDrive\Desktop\spring-tool-suite-4-4.26.0.RELEASE-e4.33.0-win32.win32.x86_64\sts-4.26.0.RELEASE\plugins\jakarta.inject.jakarta.inject-api_1.0.5.jar
2025-01-31 12:52:35,542 [Worker-63: Searching...] INFO  o.eclipse.m2e.core.internal.Bundles - getClasspathEntries(Bundle=jakarta.annotation-api_1.3.5 [41])
2025-01-31 12:52:35,542 [Worker-63: Searching...] INFO  o.eclipse.m2e.core.internal.Bundles - 	Entry: C:\Users\sulbh\OneDrive\Desktop\spring-tool-suite-4-4.26.0.RELEASE-e4.33.0-win32.win32.x86_64\sts-4.26.0.RELEASE\plugins\jakarta.annotation-api_1.3.5.jar
2025-01-31 12:52:35,542 [Worker-63: Searching...] INFO  o.eclipse.m2e.core.internal.Bundles - getClasspathEntries(Bundle=org.apache.commons.cli_1.9.0 [77])
2025-01-31 12:52:35,543 [Worker-63: Searching...] INFO  o.eclipse.m2e.core.internal.Bundles - 	Entry: C:\Users\sulbh\OneDrive\Desktop\spring-tool-suite-4-4.26.0.RELEASE-e4.33.0-win32.win32.x86_64\sts-4.26.0.RELEASE\plugins\org.apache.commons.cli_1.9.0.jar
2025-01-31 12:52:35,543 [Worker-63: Searching...] INFO  o.eclipse.m2e.core.internal.Bundles - getClasspathEntries(Bundle=org.apache.commons.commons-codec_1.16.0 [80])
2025-01-31 12:52:35,544 [Worker-63: Searching...] INFO  o.eclipse.m2e.core.internal.Bundles - 	Entry: C:\Users\sulbh\OneDrive\Desktop\spring-tool-suite-4-4.26.0.RELEASE-e4.33.0-win32.win32.x86_64\sts-4.26.0.RELEASE\plugins\org.apache.commons.commons-codec_1.16.0.jar
2025-01-31 12:52:35,544 [Worker-63: Searching...] INFO  o.eclipse.m2e.core.internal.Bundles - getClasspathEntries(Bundle=com.google.guava.failureaccess_1.0.2 [30])
2025-01-31 12:52:35,545 [Worker-63: Searching...] INFO  o.eclipse.m2e.core.internal.Bundles - 	Entry: C:\Users\sulbh\OneDrive\Desktop\spring-tool-suite-4-4.26.0.RELEASE-e4.33.0-win32.win32.x86_64\sts-4.26.0.RELEASE\plugins\com.google.guava.failureaccess_1.0.2.jar
2025-01-31 12:52:35,596 [Worker-63: Searching...] INFO  o.e.m.c.i.e.AbstractTransferListenerAdapter - Downloading https://repo.maven.apache.org/maven2/org/codehaus/plexus/plexus-classworlds/2.8.0/plexus-classworlds-2.8.0-sources.jar
2025-01-31 12:52:35,637 [Worker-63: Searching...] INFO  o.e.m.c.i.e.AbstractTransferListenerAdapter - Downloaded https://repo.maven.apache.org/maven2/org/codehaus/plexus/plexus-classworlds/2.8.0/plexus-classworlds-2.8.0-sources.jar
2025-01-31 12:52:35,725 [Worker-63: Searching...] INFO  o.e.m.c.i.e.AbstractTransferListenerAdapter - Downloading https://repo.maven.apache.org/maven2/org/apache/httpcomponents/httpclient/4.5.14/httpclient-4.5.14-sources.jar
2025-01-31 12:52:35,794 [Worker-63: Searching...] INFO  o.e.m.c.i.e.AbstractTransferListenerAdapter - Downloaded https://repo.maven.apache.org/maven2/org/apache/httpcomponents/httpclient/4.5.14/httpclient-4.5.14-sources.jar
2025-01-31 12:52:35,859 [Worker-63: Searching...] INFO  o.e.m.c.i.e.AbstractTransferListenerAdapter - Downloading https://repo.maven.apache.org/maven2/org/apache/httpcomponents/httpcore/4.4.16/httpcore-4.4.16-sources.jar
2025-01-31 12:52:35,908 [Worker-63: Searching...] INFO  o.e.m.c.i.e.AbstractTransferListenerAdapter - Downloaded https://repo.maven.apache.org/maven2/org/apache/httpcomponents/httpcore/4.4.16/httpcore-4.4.16-sources.jar
2025-01-31 12:52:35,962 [Worker-63: Searching...] INFO  o.e.m.c.i.e.AbstractTransferListenerAdapter - Downloading https://repo.maven.apache.org/maven2/org/fusesource/jansi/jansi/2.4.1/jansi-2.4.1-sources.jar
2025-01-31 12:52:35,992 [Worker-63: Searching...] INFO  o.e.m.c.i.e.AbstractTransferListenerAdapter - Downloaded https://repo.maven.apache.org/maven2/org/fusesource/jansi/jansi/2.4.1/jansi-2.4.1-sources.jar
2025-01-31 12:52:36,047 [Worker-63: Searching...] INFO  o.e.m.c.i.e.AbstractTransferListenerAdapter - Downloading https://repo.maven.apache.org/maven2/org/slf4j/jcl-over-slf4j/1.7.36/jcl-over-slf4j-1.7.36-sources.jar
2025-01-31 12:52:36,057 [Worker-63: Searching...] INFO  o.e.m.c.i.e.AbstractTransferListenerAdapter - Downloaded https://repo.maven.apache.org/maven2/org/slf4j/jcl-over-slf4j/1.7.36/jcl-over-slf4j-1.7.36-sources.jar
2025-01-31 12:52:36,122 [Worker-63: Searching...] INFO  o.e.m.c.i.e.AbstractTransferListenerAdapter - Downloading https://repo.maven.apache.org/maven2/org/apache/maven/maven-artifact/3.9.9/maven-artifact-3.9.9-sources.jar
2025-01-31 12:52:36,138 [Worker-63: Searching...] INFO  o.e.m.c.i.e.AbstractTransferListenerAdapter - Downloaded https://repo.maven.apache.org/maven2/org/apache/maven/maven-artifact/3.9.9/maven-artifact-3.9.9-sources.jar
2025-01-31 12:52:36,201 [Worker-63: Searching...] INFO  o.e.m.c.i.e.AbstractTransferListenerAdapter - Downloading https://repo.maven.apache.org/maven2/org/apache/maven/maven-builder-support/3.9.9/maven-builder-support-3.9.9-sources.jar
2025-01-31 12:52:36,208 [Worker-63: Searching...] INFO  o.e.m.c.i.e.AbstractTransferListenerAdapter - Downloaded https://repo.maven.apache.org/maven2/org/apache/maven/maven-builder-support/3.9.9/maven-builder-support-3.9.9-sources.jar
2025-01-31 12:52:36,262 [Worker-63: Searching...] INFO  o.e.m.c.i.e.AbstractTransferListenerAdapter - Downloading https://repo.maven.apache.org/maven2/org/apache/maven/maven-compat/3.9.9/maven-compat-3.9.9-sources.jar
2025-01-31 12:52:36,299 [Worker-63: Searching...] INFO  o.e.m.c.i.e.AbstractTransferListenerAdapter - Downloaded https://repo.maven.apache.org/maven2/org/apache/maven/maven-compat/3.9.9/maven-compat-3.9.9-sources.jar
2025-01-31 12:52:36,356 [Worker-63: Searching...] INFO  o.e.m.c.i.e.AbstractTransferListenerAdapter - Downloading https://repo.maven.apache.org/maven2/org/apache/maven/maven-core/3.9.9/maven-core-3.9.9-sources.jar
2025-01-31 12:52:36,404 [Worker-63: Searching...] INFO  o.e.m.c.i.e.AbstractTransferListenerAdapter - Downloaded https://repo.maven.apache.org/maven2/org/apache/maven/maven-core/3.9.9/maven-core-3.9.9-sources.jar
2025-01-31 12:52:36,457 [Worker-63: Searching...] INFO  o.e.m.c.i.e.AbstractTransferListenerAdapter - Downloading https://repo.maven.apache.org/maven2/org/apache/maven/maven-embedder/3.9.9/maven-embedder-3.9.9-sources.jar
2025-01-31 12:52:36,474 [Worker-63: Searching...] INFO  o.e.m.c.i.e.AbstractTransferListenerAdapter - Downloaded https://repo.maven.apache.org/maven2/org/apache/maven/maven-embedder/3.9.9/maven-embedder-3.9.9-sources.jar
2025-01-31 12:52:36,531 [Worker-63: Searching...] INFO  o.e.m.c.i.e.AbstractTransferListenerAdapter - Downloading https://repo.maven.apache.org/maven2/org/apache/maven/maven-model/3.9.9/maven-model-3.9.9-sources.jar
2025-01-31 12:52:36,558 [Worker-63: Searching...] INFO  o.e.m.c.i.e.AbstractTransferListenerAdapter - Downloaded https://repo.maven.apache.org/maven2/org/apache/maven/maven-model/3.9.9/maven-model-3.9.9-sources.jar
2025-01-31 12:52:36,615 [Worker-63: Searching...] INFO  o.e.m.c.i.e.AbstractTransferListenerAdapter - Downloading https://repo.maven.apache.org/maven2/org/apache/maven/maven-model-builder/3.9.9/maven-model-builder-3.9.9-sources.jar
2025-01-31 12:52:36,643 [Worker-63: Searching...] INFO  o.e.m.c.i.e.AbstractTransferListenerAdapter - Downloaded https://repo.maven.apache.org/maven2/org/apache/maven/maven-model-builder/3.9.9/maven-model-builder-3.9.9-sources.jar
2025-01-31 12:52:36,705 [Worker-63: Searching...] INFO  o.e.m.c.i.e.AbstractTransferListenerAdapter - Downloading https://repo.maven.apache.org/maven2/org/apache/maven/maven-plugin-api/3.9.9/maven-plugin-api-3.9.9-sources.jar
2025-01-31 12:52:36,721 [Worker-63: Searching...] INFO  o.e.m.c.i.e.AbstractTransferListenerAdapter - Downloaded https://repo.maven.apache.org/maven2/org/apache/maven/maven-plugin-api/3.9.9/maven-plugin-api-3.9.9-sources.jar
2025-01-31 12:52:36,772 [Worker-63: Searching...] INFO  o.e.m.c.i.e.AbstractTransferListenerAdapter - Downloading https://repo.maven.apache.org/maven2/org/apache/maven/maven-repository-metadata/3.9.9/maven-repository-metadata-3.9.9-sources.jar
2025-01-31 12:52:36,781 [Worker-63: Searching...] INFO  o.e.m.c.i.e.AbstractTransferListenerAdapter - Downloaded https://repo.maven.apache.org/maven2/org/apache/maven/maven-repository-metadata/3.9.9/maven-repository-metadata-3.9.9-sources.jar
2025-01-31 12:52:36,833 [Worker-63: Searching...] INFO  o.e.m.c.i.e.AbstractTransferListenerAdapter - Downloading https://repo.maven.apache.org/maven2/org/apache/maven/resolver/maven-resolver-api/1.9.22/maven-resolver-api-1.9.22-sources.jar
2025-01-31 12:52:36,862 [Worker-63: Searching...] INFO  o.e.m.c.i.e.AbstractTransferListenerAdapter - Downloaded https://repo.maven.apache.org/maven2/org/apache/maven/resolver/maven-resolver-api/1.9.22/maven-resolver-api-1.9.22-sources.jar
2025-01-31 12:52:36,915 [Worker-63: Searching...] INFO  o.e.m.c.i.e.AbstractTransferListenerAdapter - Downloading https://repo.maven.apache.org/maven2/org/apache/maven/resolver/maven-resolver-connector-basic/1.9.22/maven-resolver-connector-basic-1.9.22-sources.jar
2025-01-31 12:52:36,923 [Worker-63: Searching...] INFO  o.e.m.c.i.e.AbstractTransferListenerAdapter - Downloaded https://repo.maven.apache.org/maven2/org/apache/maven/resolver/maven-resolver-connector-basic/1.9.22/maven-resolver-connector-basic-1.9.22-sources.jar
2025-01-31 12:52:36,983 [Worker-63: Searching...] INFO  o.e.m.c.i.e.AbstractTransferListenerAdapter - Downloading https://repo.maven.apache.org/maven2/org/apache/maven/resolver/maven-resolver-impl/1.9.22/maven-resolver-impl-1.9.22-sources.jar
2025-01-31 12:52:37,019 [Worker-63: Searching...] INFO  o.e.m.c.i.e.AbstractTransferListenerAdapter - Downloaded https://repo.maven.apache.org/maven2/org/apache/maven/resolver/maven-resolver-impl/1.9.22/maven-resolver-impl-1.9.22-sources.jar
2025-01-31 12:52:37,077 [Worker-63: Searching...] INFO  o.e.m.c.i.e.AbstractTransferListenerAdapter - Downloading https://repo.maven.apache.org/maven2/org/apache/maven/resolver/maven-resolver-named-locks/1.9.22/maven-resolver-named-locks-1.9.22-sources.jar
2025-01-31 12:52:37,086 [Worker-63: Searching...] INFO  o.e.m.c.i.e.AbstractTransferListenerAdapter - Downloaded https://repo.maven.apache.org/maven2/org/apache/maven/resolver/maven-resolver-named-locks/1.9.22/maven-resolver-named-locks-1.9.22-sources.jar
2025-01-31 12:52:37,152 [Worker-63: Searching...] INFO  o.e.m.c.i.e.AbstractTransferListenerAdapter - Downloading https://repo.maven.apache.org/maven2/org/apache/maven/maven-resolver-provider/3.9.9/maven-resolver-provider-3.9.9-sources.jar
2025-01-31 12:52:37,171 [Worker-63: Searching...] INFO  o.e.m.c.i.e.AbstractTransferListenerAdapter - Downloaded https://repo.maven.apache.org/maven2/org/apache/maven/maven-resolver-provider/3.9.9/maven-resolver-provider-3.9.9-sources.jar
2025-01-31 12:52:37,229 [Worker-63: Searching...] INFO  o.e.m.c.i.e.AbstractTransferListenerAdapter - Downloading https://repo.maven.apache.org/maven2/org/apache/maven/resolver/maven-resolver-spi/1.9.22/maven-resolver-spi-1.9.22-sources.jar
2025-01-31 12:52:37,245 [Worker-63: Searching...] INFO  o.e.m.c.i.e.AbstractTransferListenerAdapter - Downloaded https://repo.maven.apache.org/maven2/org/apache/maven/resolver/maven-resolver-spi/1.9.22/maven-resolver-spi-1.9.22-sources.jar
2025-01-31 12:52:37,318 [Worker-63: Searching...] INFO  o.e.m.c.i.e.AbstractTransferListenerAdapter - Downloading https://repo.maven.apache.org/maven2/org/apache/maven/resolver/maven-resolver-transport-file/1.9.22/maven-resolver-transport-file-1.9.22-sources.jar
2025-01-31 12:52:37,324 [Worker-63: Searching...] INFO  o.e.m.c.i.e.AbstractTransferListenerAdapter - Downloaded https://repo.maven.apache.org/maven2/org/apache/maven/resolver/maven-resolver-transport-file/1.9.22/maven-resolver-transport-file-1.9.22-sources.jar
2025-01-31 12:52:37,379 [Worker-63: Searching...] INFO  o.e.m.c.i.e.AbstractTransferListenerAdapter - Downloading https://repo.maven.apache.org/maven2/org/apache/maven/resolver/maven-resolver-transport-http/1.9.22/maven-resolver-transport-http-1.9.22-sources.jar
2025-01-31 12:52:37,389 [Worker-63: Searching...] INFO  o.e.m.c.i.e.AbstractTransferListenerAdapter - Downloaded https://repo.maven.apache.org/maven2/org/apache/maven/resolver/maven-resolver-transport-http/1.9.22/maven-resolver-transport-http-1.9.22-sources.jar
2025-01-31 12:52:37,451 [Worker-63: Searching...] INFO  o.e.m.c.i.e.AbstractTransferListenerAdapter - Downloading https://repo.maven.apache.org/maven2/org/apache/maven/resolver/maven-resolver-transport-wagon/1.9.22/maven-resolver-transport-wagon-1.9.22-sources.jar
2025-01-31 12:52:37,458 [Worker-63: Searching...] INFO  o.e.m.c.i.e.AbstractTransferListenerAdapter - Downloaded https://repo.maven.apache.org/maven2/org/apache/maven/resolver/maven-resolver-transport-wagon/1.9.22/maven-resolver-transport-wagon-1.9.22-sources.jar
2025-01-31 12:52:37,516 [Worker-63: Searching...] INFO  o.e.m.c.i.e.AbstractTransferListenerAdapter - Downloading https://repo.maven.apache.org/maven2/org/apache/maven/resolver/maven-resolver-util/1.9.22/maven-resolver-util-1.9.22-sources.jar
2025-01-31 12:52:37,545 [Worker-63: Searching...] INFO  o.e.m.c.i.e.AbstractTransferListenerAdapter - Downloaded https://repo.maven.apache.org/maven2/org/apache/maven/resolver/maven-resolver-util/1.9.22/maven-resolver-util-1.9.22-sources.jar
2025-01-31 12:52:37,607 [Worker-63: Searching...] INFO  o.e.m.c.i.e.AbstractTransferListenerAdapter - Downloading https://repo.maven.apache.org/maven2/org/apache/maven/maven-settings/3.9.9/maven-settings-3.9.9-sources.jar
2025-01-31 12:52:37,619 [Worker-63: Searching...] INFO  o.e.m.c.i.e.AbstractTransferListenerAdapter - Downloaded https://repo.maven.apache.org/maven2/org/apache/maven/maven-settings/3.9.9/maven-settings-3.9.9-sources.jar
2025-01-31 12:52:37,688 [Worker-63: Searching...] INFO  o.e.m.c.i.e.AbstractTransferListenerAdapter - Downloading https://repo.maven.apache.org/maven2/org/apache/maven/maven-settings-builder/3.9.9/maven-settings-builder-3.9.9-sources.jar
2025-01-31 12:52:37,704 [Worker-63: Searching...] INFO  o.e.m.c.i.e.AbstractTransferListenerAdapter - Downloaded https://repo.maven.apache.org/maven2/org/apache/maven/maven-settings-builder/3.9.9/maven-settings-builder-3.9.9-sources.jar
2025-01-31 12:52:37,765 [Worker-63: Searching...] INFO  o.e.m.c.i.e.AbstractTransferListenerAdapter - Downloading https://repo.maven.apache.org/maven2/org/apache/maven/shared/maven-shared-utils/3.4.2/maven-shared-utils-3.4.2-sources.jar
2025-01-31 12:52:37,796 [Worker-63: Searching...] INFO  o.e.m.c.i.e.AbstractTransferListenerAdapter - Downloaded https://repo.maven.apache.org/maven2/org/apache/maven/shared/maven-shared-utils/3.4.2/maven-shared-utils-3.4.2-sources.jar
2025-01-31 12:52:37,937 [Worker-63: Searching...] INFO  o.e.m.c.i.e.AbstractTransferListenerAdapter - Downloading https://repo.maven.apache.org/maven2/org/eclipse/sisu/org.eclipse.sisu.inject/0.9.0.M3/org.eclipse.sisu.inject-0.9.0.M3-sources.jar
2025-01-31 12:52:37,991 [Worker-63: Searching...] INFO  o.e.m.c.i.e.AbstractTransferListenerAdapter - Downloaded https://repo.maven.apache.org/maven2/org/eclipse/sisu/org.eclipse.sisu.inject/0.9.0.M3/org.eclipse.sisu.inject-0.9.0.M3-sources.jar
2025-01-31 12:52:38,045 [Worker-63: Searching...] INFO  o.e.m.c.i.e.AbstractTransferListenerAdapter - Downloading https://repo.maven.apache.org/maven2/org/eclipse/sisu/org.eclipse.sisu.plexus/0.9.0.M3/org.eclipse.sisu.plexus-0.9.0.M3-sources.jar
2025-01-31 12:52:38,075 [Worker-63: Searching...] INFO  o.e.m.c.i.e.AbstractTransferListenerAdapter - Downloaded https://repo.maven.apache.org/maven2/org/eclipse/sisu/org.eclipse.sisu.plexus/0.9.0.M3/org.eclipse.sisu.plexus-0.9.0.M3-sources.jar
2025-01-31 12:52:38,134 [Worker-63: Searching...] INFO  o.e.m.c.i.e.AbstractTransferListenerAdapter - Downloading https://repo.maven.apache.org/maven2/org/codehaus/plexus/plexus-cipher/2.0/plexus-cipher-2.0-sources.jar
2025-01-31 12:52:38,142 [Worker-63: Searching...] INFO  o.e.m.c.i.e.AbstractTransferListenerAdapter - Downloaded https://repo.maven.apache.org/maven2/org/codehaus/plexus/plexus-cipher/2.0/plexus-cipher-2.0-sources.jar
2025-01-31 12:52:38,188 [Worker-63: Searching...] INFO  o.e.m.c.i.e.AbstractTransferListenerAdapter - Downloading https://repo.maven.apache.org/maven2/org/codehaus/plexus/plexus-component-annotations/2.1.0/plexus-component-annotations-2.1.0-sources.jar
2025-01-31 12:52:38,193 [Worker-63: Searching...] INFO  o.e.m.c.i.e.AbstractTransferListenerAdapter - Downloaded https://repo.maven.apache.org/maven2/org/codehaus/plexus/plexus-component-annotations/2.1.0/plexus-component-annotations-2.1.0-sources.jar
2025-01-31 12:52:38,245 [Worker-63: Searching...] INFO  o.e.m.c.i.e.AbstractTransferListenerAdapter - Downloading https://repo.maven.apache.org/maven2/org/codehaus/plexus/plexus-interpolation/1.27/plexus-interpolation-1.27-sources.jar
2025-01-31 12:52:38,263 [Worker-63: Searching...] INFO  o.e.m.c.i.e.AbstractTransferListenerAdapter - Downloaded https://repo.maven.apache.org/maven2/org/codehaus/plexus/plexus-interpolation/1.27/plexus-interpolation-1.27-sources.jar
2025-01-31 12:52:38,310 [Worker-63: Searching...] INFO  o.e.m.c.i.e.AbstractTransferListenerAdapter - Downloading https://repo.maven.apache.org/maven2/org/codehaus/plexus/plexus-sec-dispatcher/2.0/plexus-sec-dispatcher-2.0-sources.jar
2025-01-31 12:52:38,318 [Worker-63: Searching...] INFO  o.e.m.c.i.e.AbstractTransferListenerAdapter - Downloaded https://repo.maven.apache.org/maven2/org/codehaus/plexus/plexus-sec-dispatcher/2.0/plexus-sec-dispatcher-2.0-sources.jar
2025-01-31 12:52:38,373 [Worker-63: Searching...] INFO  o.e.m.c.i.e.AbstractTransferListenerAdapter - Downloading https://repo.maven.apache.org/maven2/org/codehaus/plexus/plexus-utils/3.5.1/plexus-utils-3.5.1-sources.jar
2025-01-31 12:52:38,415 [Worker-63: Searching...] INFO  o.e.m.c.i.e.AbstractTransferListenerAdapter - Downloaded https://repo.maven.apache.org/maven2/org/codehaus/plexus/plexus-utils/3.5.1/plexus-utils-3.5.1-sources.jar
2025-01-31 12:52:38,465 [Worker-63: Searching...] INFO  o.e.m.c.i.e.AbstractTransferListenerAdapter - Downloading https://repo.maven.apache.org/maven2/org/codehaus/plexus/plexus-xml/3.0.1/plexus-xml-3.0.1-sources.jar
2025-01-31 12:52:38,525 [Worker-63: Searching...] INFO  o.e.m.c.i.e.AbstractTransferListenerAdapter - Downloaded https://repo.maven.apache.org/maven2/org/codehaus/plexus/plexus-xml/3.0.1/plexus-xml-3.0.1-sources.jar
2025-01-31 12:52:38,586 [Worker-63: Searching...] INFO  o.e.m.c.i.e.AbstractTransferListenerAdapter - Downloading https://repo.maven.apache.org/maven2/org/apache/maven/wagon/wagon-file/3.5.3/wagon-file-3.5.3-sources.jar
2025-01-31 12:52:38,594 [Worker-63: Searching...] INFO  o.e.m.c.i.e.AbstractTransferListenerAdapter - Downloaded https://repo.maven.apache.org/maven2/org/apache/maven/wagon/wagon-file/3.5.3/wagon-file-3.5.3-sources.jar
2025-01-31 12:52:38,646 [Worker-63: Searching...] INFO  o.e.m.c.i.e.AbstractTransferListenerAdapter - Downloading https://repo.maven.apache.org/maven2/org/apache/maven/wagon/wagon-http/3.5.3/wagon-http-3.5.3-sources.jar
2025-01-31 12:52:38,653 [Worker-63: Searching...] INFO  o.e.m.c.i.e.AbstractTransferListenerAdapter - Downloaded https://repo.maven.apache.org/maven2/org/apache/maven/wagon/wagon-http/3.5.3/wagon-http-3.5.3-sources.jar
2025-01-31 12:52:38,703 [Worker-63: Searching...] INFO  o.e.m.c.i.e.AbstractTransferListenerAdapter - Downloading https://repo.maven.apache.org/maven2/org/apache/maven/wagon/wagon-http-shared/3.5.3/wagon-http-shared-3.5.3-sources.jar
2025-01-31 12:52:38,709 [Worker-63: Searching...] INFO  o.e.m.c.i.e.AbstractTransferListenerAdapter - Downloaded https://repo.maven.apache.org/maven2/org/apache/maven/wagon/wagon-http-shared/3.5.3/wagon-http-shared-3.5.3-sources.jar
2025-01-31 12:52:38,759 [Worker-63: Searching...] INFO  o.e.m.c.i.e.AbstractTransferListenerAdapter - Downloading https://repo.maven.apache.org/maven2/org/apache/maven/wagon/wagon-provider-api/3.5.3/wagon-provider-api-3.5.3-sources.jar
2025-01-31 12:52:38,774 [Worker-63: Searching...] INFO  o.e.m.c.i.e.AbstractTransferListenerAdapter - Downloaded https://repo.maven.apache.org/maven2/org/apache/maven/wagon/wagon-provider-api/3.5.3/wagon-provider-api-3.5.3-sources.jar
2025-01-31 12:52:38,823 [Worker-63: Searching...] INFO  o.e.m.c.i.e.AbstractTransferListenerAdapter - Downloading https://repo.maven.apache.org/maven2/org/apache/maven/maven-slf4j-provider/3.9.9/maven-slf4j-provider-3.9.9-sources.jar
2025-01-31 12:52:38,830 [Worker-63: Searching...] INFO  o.e.m.c.i.e.AbstractTransferListenerAdapter - Downloaded https://repo.maven.apache.org/maven2/org/apache/maven/maven-slf4j-provider/3.9.9/maven-slf4j-provider-3.9.9-sources.jar
2025-01-31 12:52:38,885 [Worker-63: Searching...] INFO  o.e.m.c.i.e.AbstractTransferListenerAdapter - Downloading https://repo.maven.apache.org/maven2/com/google/guava/guava/33.3.0-jre/guava-33.3.0-jre-sources.jar
2025-01-31 12:52:38,991 [Worker-63: Searching...] INFO  o.e.m.c.i.e.AbstractTransferListenerAdapter - Downloaded https://repo.maven.apache.org/maven2/com/google/guava/guava/33.3.0-jre/guava-33.3.0-jre-sources.jar
2025-01-31 12:52:39,059 [Worker-63: Searching...] INFO  o.e.m.c.i.e.AbstractTransferListenerAdapter - Downloading https://repo.maven.apache.org/maven2/jakarta/inject/jakarta.inject-api/1.0.5/jakarta.inject-api-1.0.5-sources.jar
2025-01-31 12:52:39,066 [Worker-63: Searching...] INFO  o.e.m.c.i.e.AbstractTransferListenerAdapter - Downloaded https://repo.maven.apache.org/maven2/jakarta/inject/jakarta.inject-api/1.0.5/jakarta.inject-api-1.0.5-sources.jar
2025-01-31 12:52:39,123 [Worker-63: Searching...] INFO  o.e.m.c.i.e.AbstractTransferListenerAdapter - Downloading https://repo.maven.apache.org/maven2/commons-cli/commons-cli/1.9.0/commons-cli-1.9.0-sources.jar
2025-01-31 12:52:39,161 [Worker-63: Searching...] INFO  o.e.m.c.i.e.AbstractTransferListenerAdapter - Downloaded https://repo.maven.apache.org/maven2/commons-cli/commons-cli/1.9.0/commons-cli-1.9.0-sources.jar
2025-01-31 12:52:39,216 [Worker-63: Searching...] INFO  o.e.m.c.i.e.AbstractTransferListenerAdapter - Downloading https://repo.maven.apache.org/maven2/commons-codec/commons-codec/1.16.0/commons-codec-1.16.0-sources.jar
2025-01-31 12:52:39,258 [Worker-63: Searching...] INFO  o.e.m.c.i.e.AbstractTransferListenerAdapter - Downloaded https://repo.maven.apache.org/maven2/commons-codec/commons-codec/1.16.0/commons-codec-1.16.0-sources.jar
2025-01-31 12:52:39,312 [Worker-63: Searching...] INFO  o.e.m.c.i.e.AbstractTransferListenerAdapter - Downloading https://repo.maven.apache.org/maven2/com/google/guava/failureaccess/1.0.2/failureaccess-1.0.2-sources.jar
2025-01-31 12:52:39,320 [Worker-63: Searching...] INFO  o.e.m.c.i.e.AbstractTransferListenerAdapter - Downloaded https://repo.maven.apache.org/maven2/com/google/guava/failureaccess/1.0.2/failureaccess-1.0.2-sources.jar
2025-01-31 12:53:19,293 [Worker-59: Building] INFO  o.a.m.s.f.DefaultMavenResourcesFiltering - Copying 1 resource from src\main\resources to target\classes
2025-01-31 12:53:19,303 [Worker-59: Building] INFO  o.a.m.s.f.DefaultMavenResourcesFiltering - Copying 0 resource from src\main\resources to target\classes
2025-01-31 12:53:19,308 [Worker-59: Building] INFO  o.a.m.s.f.DefaultMavenResourcesFiltering - skip non existing resourceDirectory D:\kdestate\spring_boot_backend_template\src\test\resources
2025-01-31 12:54:46,365 [Worker-51: Building] INFO  o.a.m.s.f.DefaultMavenResourcesFiltering - Copying 1 resource from src\main\resources to target\classes
2025-01-31 12:54:46,375 [Worker-51: Building] INFO  o.a.m.s.f.DefaultMavenResourcesFiltering - Copying 0 resource from src\main\resources to target\classes
2025-01-31 12:54:46,383 [Worker-51: Building] INFO  o.a.m.s.f.DefaultMavenResourcesFiltering - skip non existing resourceDirectory D:\kdestate\spring_boot_backend_template\src\test\resources
2025-01-31 12:55:11,599 [Worker-57: Building] INFO  o.a.m.s.f.DefaultMavenResourcesFiltering - Copying 1 resource from src\main\resources to target\classes
2025-01-31 12:55:11,611 [Worker-57: Building] INFO  o.a.m.s.f.DefaultMavenResourcesFiltering - Copying 0 resource from src\main\resources to target\classes
2025-01-31 12:55:11,618 [Worker-57: Building] INFO  o.a.m.s.f.DefaultMavenResourcesFiltering - skip non existing resourceDirectory D:\kdestate\spring_boot_backend_template\src\test\resources
2025-01-31 12:55:32,721 [Worker-66: Building] INFO  o.a.m.s.f.DefaultMavenResourcesFiltering - Copying 1 resource from src\main\resources to target\classes
2025-01-31 12:55:32,732 [Worker-66: Building] INFO  o.a.m.s.f.DefaultMavenResourcesFiltering - Copying 0 resource from src\main\resources to target\classes
2025-01-31 12:55:32,737 [Worker-66: Building] INFO  o.a.m.s.f.DefaultMavenResourcesFiltering - skip non existing resourceDirectory D:\kdestate\spring_boot_backend_template\src\test\resources
2025-01-31 12:55:52,704 [Worker-63: Building] INFO  o.a.m.s.f.DefaultMavenResourcesFiltering - Copying 1 resource from src\main\resources to target\classes
2025-01-31 12:55:52,714 [Worker-63: Building] INFO  o.a.m.s.f.DefaultMavenResourcesFiltering - Copying 0 resource from src\main\resources to target\classes
2025-01-31 12:55:52,721 [Worker-63: Building] INFO  o.a.m.s.f.DefaultMavenResourcesFiltering - skip non existing resourceDirectory D:\kdestate\spring_boot_backend_template\src\test\resources
2025-01-31 12:56:11,062 [main] INFO  o.e.m2e.actions.ExecutePomAction - Creating new launch configuration
2025-01-31 12:56:23,416 [Worker-51: Launching spring_boot_backend_template (1)] INFO  o.eclipse.m2e.core.internal.Bundles - getClasspathEntries(Bundle=org.eclipse.m2e.maven.runtime_3.9.900.20240824-1409 [360])
2025-01-31 12:56:23,418 [Worker-51: Launching spring_boot_backend_template (1)] INFO  o.eclipse.m2e.core.internal.Bundles - 	Entry: C:\Users\sulbh\OneDrive\Desktop\spring-tool-suite-4-4.26.0.RELEASE-e4.33.0-win32.win32.x86_64\sts-4.26.0.RELEASE\plugins\org.eclipse.m2e.maven.runtime_3.9.900.20240824-1409
2025-01-31 12:56:23,418 [Worker-51: Launching spring_boot_backend_template (1)] INFO  o.eclipse.m2e.core.internal.Bundles - 	Entry: C:\Users\sulbh\OneDrive\Desktop\spring-tool-suite-4-4.26.0.RELEASE-e4.33.0-win32.win32.x86_64\sts-4.26.0.RELEASE\plugins\org.eclipse.m2e.maven.runtime_3.9.900.20240824-1409\jars\aopalliance-1.0.jar
2025-01-31 12:56:23,418 [Worker-51: Launching spring_boot_backend_template (1)] INFO  o.eclipse.m2e.core.internal.Bundles - 	Entry: C:\Users\sulbh\OneDrive\Desktop\spring-tool-suite-4-4.26.0.RELEASE-e4.33.0-win32.win32.x86_64\sts-4.26.0.RELEASE\plugins\org.eclipse.m2e.maven.runtime_3.9.900.20240824-1409\jars\guice-5.1.0.jar
2025-01-31 12:56:23,418 [Worker-51: Launching spring_boot_backend_template (1)] INFO  o.eclipse.m2e.core.internal.Bundles - 	Entry: C:\Users\sulbh\OneDrive\Desktop\spring-tool-suite-4-4.26.0.RELEASE-e4.33.0-win32.win32.x86_64\sts-4.26.0.RELEASE\plugins\org.eclipse.m2e.maven.runtime_3.9.900.20240824-1409\jars\httpclient-4.5.14.jar
2025-01-31 12:56:23,419 [Worker-51: Launching spring_boot_backend_template (1)] INFO  o.eclipse.m2e.core.internal.Bundles - 	Entry: C:\Users\sulbh\OneDrive\Desktop\spring-tool-suite-4-4.26.0.RELEASE-e4.33.0-win32.win32.x86_64\sts-4.26.0.RELEASE\plugins\org.eclipse.m2e.maven.runtime_3.9.900.20240824-1409\jars\httpcore-4.4.16.jar
2025-01-31 12:56:23,419 [Worker-51: Launching spring_boot_backend_template (1)] INFO  o.eclipse.m2e.core.internal.Bundles - 	Entry: C:\Users\sulbh\OneDrive\Desktop\spring-tool-suite-4-4.26.0.RELEASE-e4.33.0-win32.win32.x86_64\sts-4.26.0.RELEASE\plugins\org.eclipse.m2e.maven.runtime_3.9.900.20240824-1409\jars\jansi-2.4.1.jar
2025-01-31 12:56:23,419 [Worker-51: Launching spring_boot_backend_template (1)] INFO  o.eclipse.m2e.core.internal.Bundles - 	Entry: C:\Users\sulbh\OneDrive\Desktop\spring-tool-suite-4-4.26.0.RELEASE-e4.33.0-win32.win32.x86_64\sts-4.26.0.RELEASE\plugins\org.eclipse.m2e.maven.runtime_3.9.900.20240824-1409\jars\jcl-over-slf4j-1.7.36.jar
2025-01-31 12:56:23,419 [Worker-51: Launching spring_boot_backend_template (1)] INFO  o.eclipse.m2e.core.internal.Bundles - 	Entry: C:\Users\sulbh\OneDrive\Desktop\spring-tool-suite-4-4.26.0.RELEASE-e4.33.0-win32.win32.x86_64\sts-4.26.0.RELEASE\plugins\org.eclipse.m2e.maven.runtime_3.9.900.20240824-1409\jars\maven-artifact-3.9.9.jar
2025-01-31 12:56:23,419 [Worker-51: Launching spring_boot_backend_template (1)] INFO  o.eclipse.m2e.core.internal.Bundles - 	Entry: C:\Users\sulbh\OneDrive\Desktop\spring-tool-suite-4-4.26.0.RELEASE-e4.33.0-win32.win32.x86_64\sts-4.26.0.RELEASE\plugins\org.eclipse.m2e.maven.runtime_3.9.900.20240824-1409\jars\maven-builder-support-3.9.9.jar
2025-01-31 12:56:23,419 [Worker-51: Launching spring_boot_backend_template (1)] INFO  o.eclipse.m2e.core.internal.Bundles - 	Entry: C:\Users\sulbh\OneDrive\Desktop\spring-tool-suite-4-4.26.0.RELEASE-e4.33.0-win32.win32.x86_64\sts-4.26.0.RELEASE\plugins\org.eclipse.m2e.maven.runtime_3.9.900.20240824-1409\jars\maven-compat-3.9.9.jar
2025-01-31 12:56:23,419 [Worker-51: Launching spring_boot_backend_template (1)] INFO  o.eclipse.m2e.core.internal.Bundles - 	Entry: C:\Users\sulbh\OneDrive\Desktop\spring-tool-suite-4-4.26.0.RELEASE-e4.33.0-win32.win32.x86_64\sts-4.26.0.RELEASE\plugins\org.eclipse.m2e.maven.runtime_3.9.900.20240824-1409\jars\maven-core-3.9.9.jar
2025-01-31 12:56:23,420 [Worker-51: Launching spring_boot_backend_template (1)] INFO  o.eclipse.m2e.core.internal.Bundles - 	Entry: C:\Users\sulbh\OneDrive\Desktop\spring-tool-suite-4-4.26.0.RELEASE-e4.33.0-win32.win32.x86_64\sts-4.26.0.RELEASE\plugins\org.eclipse.m2e.maven.runtime_3.9.900.20240824-1409\jars\maven-embedder-3.9.9.jar
2025-01-31 12:56:23,420 [Worker-51: Launching spring_boot_backend_template (1)] INFO  o.eclipse.m2e.core.internal.Bundles - 	Entry: C:\Users\sulbh\OneDrive\Desktop\spring-tool-suite-4-4.26.0.RELEASE-e4.33.0-win32.win32.x86_64\sts-4.26.0.RELEASE\plugins\org.eclipse.m2e.maven.runtime_3.9.900.20240824-1409\jars\maven-model-3.9.9.jar
2025-01-31 12:56:23,420 [Worker-51: Launching spring_boot_backend_template (1)] INFO  o.eclipse.m2e.core.internal.Bundles - 	Entry: C:\Users\sulbh\OneDrive\Desktop\spring-tool-suite-4-4.26.0.RELEASE-e4.33.0-win32.win32.x86_64\sts-4.26.0.RELEASE\plugins\org.eclipse.m2e.maven.runtime_3.9.900.20240824-1409\jars\maven-model-builder-3.9.9.jar
2025-01-31 12:56:23,420 [Worker-51: Launching spring_boot_backend_template (1)] INFO  o.eclipse.m2e.core.internal.Bundles - 	Entry: C:\Users\sulbh\OneDrive\Desktop\spring-tool-suite-4-4.26.0.RELEASE-e4.33.0-win32.win32.x86_64\sts-4.26.0.RELEASE\plugins\org.eclipse.m2e.maven.runtime_3.9.900.20240824-1409\jars\maven-plugin-api-3.9.9.jar
2025-01-31 12:56:23,420 [Worker-51: Launching spring_boot_backend_template (1)] INFO  o.eclipse.m2e.core.internal.Bundles - 	Entry: C:\Users\sulbh\OneDrive\Desktop\spring-tool-suite-4-4.26.0.RELEASE-e4.33.0-win32.win32.x86_64\sts-4.26.0.RELEASE\plugins\org.eclipse.m2e.maven.runtime_3.9.900.20240824-1409\jars\maven-repository-metadata-3.9.9.jar
2025-01-31 12:56:23,420 [Worker-51: Launching spring_boot_backend_template (1)] INFO  o.eclipse.m2e.core.internal.Bundles - 	Entry: C:\Users\sulbh\OneDrive\Desktop\spring-tool-suite-4-4.26.0.RELEASE-e4.33.0-win32.win32.x86_64\sts-4.26.0.RELEASE\plugins\org.eclipse.m2e.maven.runtime_3.9.900.20240824-1409\jars\maven-resolver-api-1.9.22.jar
2025-01-31 12:56:23,420 [Worker-51: Launching spring_boot_backend_template (1)] INFO  o.eclipse.m2e.core.internal.Bundles - 	Entry: C:\Users\sulbh\OneDrive\Desktop\spring-tool-suite-4-4.26.0.RELEASE-e4.33.0-win32.win32.x86_64\sts-4.26.0.RELEASE\plugins\org.eclipse.m2e.maven.runtime_3.9.900.20240824-1409\jars\maven-resolver-connector-basic-1.9.22.jar
2025-01-31 12:56:23,421 [Worker-51: Launching spring_boot_backend_template (1)] INFO  o.eclipse.m2e.core.internal.Bundles - 	Entry: C:\Users\sulbh\OneDrive\Desktop\spring-tool-suite-4-4.26.0.RELEASE-e4.33.0-win32.win32.x86_64\sts-4.26.0.RELEASE\plugins\org.eclipse.m2e.maven.runtime_3.9.900.20240824-1409\jars\maven-resolver-impl-1.9.22.jar
2025-01-31 12:56:23,421 [Worker-51: Launching spring_boot_backend_template (1)] INFO  o.eclipse.m2e.core.internal.Bundles - 	Entry: C:\Users\sulbh\OneDrive\Desktop\spring-tool-suite-4-4.26.0.RELEASE-e4.33.0-win32.win32.x86_64\sts-4.26.0.RELEASE\plugins\org.eclipse.m2e.maven.runtime_3.9.900.20240824-1409\jars\maven-resolver-named-locks-1.9.22.jar
2025-01-31 12:56:23,421 [Worker-51: Launching spring_boot_backend_template (1)] INFO  o.eclipse.m2e.core.internal.Bundles - 	Entry: C:\Users\sulbh\OneDrive\Desktop\spring-tool-suite-4-4.26.0.RELEASE-e4.33.0-win32.win32.x86_64\sts-4.26.0.RELEASE\plugins\org.eclipse.m2e.maven.runtime_3.9.900.20240824-1409\jars\maven-resolver-provider-3.9.9.jar
2025-01-31 12:56:23,421 [Worker-51: Launching spring_boot_backend_template (1)] INFO  o.eclipse.m2e.core.internal.Bundles - 	Entry: C:\Users\sulbh\OneDrive\Desktop\spring-tool-suite-4-4.26.0.RELEASE-e4.33.0-win32.win32.x86_64\sts-4.26.0.RELEASE\plugins\org.eclipse.m2e.maven.runtime_3.9.900.20240824-1409\jars\maven-resolver-spi-1.9.22.jar
2025-01-31 12:56:23,421 [Worker-51: Launching spring_boot_backend_template (1)] INFO  o.eclipse.m2e.core.internal.Bundles - 	Entry: C:\Users\sulbh\OneDrive\Desktop\spring-tool-suite-4-4.26.0.RELEASE-e4.33.0-win32.win32.x86_64\sts-4.26.0.RELEASE\plugins\org.eclipse.m2e.maven.runtime_3.9.900.20240824-1409\jars\maven-resolver-transport-file-1.9.22.jar
2025-01-31 12:56:23,421 [Worker-51: Launching spring_boot_backend_template (1)] INFO  o.eclipse.m2e.core.internal.Bundles - 	Entry: C:\Users\sulbh\OneDrive\Desktop\spring-tool-suite-4-4.26.0.RELEASE-e4.33.0-win32.win32.x86_64\sts-4.26.0.RELEASE\plugins\org.eclipse.m2e.maven.runtime_3.9.900.20240824-1409\jars\maven-resolver-transport-http-1.9.22.jar
2025-01-31 12:56:23,422 [Worker-51: Launching spring_boot_backend_template (1)] INFO  o.eclipse.m2e.core.internal.Bundles - 	Entry: C:\Users\sulbh\OneDrive\Desktop\spring-tool-suite-4-4.26.0.RELEASE-e4.33.0-win32.win32.x86_64\sts-4.26.0.RELEASE\plugins\org.eclipse.m2e.maven.runtime_3.9.900.20240824-1409\jars\maven-resolver-transport-wagon-1.9.22.jar
2025-01-31 12:56:23,422 [Worker-51: Launching spring_boot_backend_template (1)] INFO  o.eclipse.m2e.core.internal.Bundles - 	Entry: C:\Users\sulbh\OneDrive\Desktop\spring-tool-suite-4-4.26.0.RELEASE-e4.33.0-win32.win32.x86_64\sts-4.26.0.RELEASE\plugins\org.eclipse.m2e.maven.runtime_3.9.900.20240824-1409\jars\maven-resolver-util-1.9.22.jar
2025-01-31 12:56:23,422 [Worker-51: Launching spring_boot_backend_template (1)] INFO  o.eclipse.m2e.core.internal.Bundles - 	Entry: C:\Users\sulbh\OneDrive\Desktop\spring-tool-suite-4-4.26.0.RELEASE-e4.33.0-win32.win32.x86_64\sts-4.26.0.RELEASE\plugins\org.eclipse.m2e.maven.runtime_3.9.900.20240824-1409\jars\maven-settings-3.9.9.jar
2025-01-31 12:56:23,422 [Worker-51: Launching spring_boot_backend_template (1)] INFO  o.eclipse.m2e.core.internal.Bundles - 	Entry: C:\Users\sulbh\OneDrive\Desktop\spring-tool-suite-4-4.26.0.RELEASE-e4.33.0-win32.win32.x86_64\sts-4.26.0.RELEASE\plugins\org.eclipse.m2e.maven.runtime_3.9.900.20240824-1409\jars\maven-settings-builder-3.9.9.jar
2025-01-31 12:56:23,422 [Worker-51: Launching spring_boot_backend_template (1)] INFO  o.eclipse.m2e.core.internal.Bundles - 	Entry: C:\Users\sulbh\OneDrive\Desktop\spring-tool-suite-4-4.26.0.RELEASE-e4.33.0-win32.win32.x86_64\sts-4.26.0.RELEASE\plugins\org.eclipse.m2e.maven.runtime_3.9.900.20240824-1409\jars\maven-shared-utils-3.4.2.jar
2025-01-31 12:56:23,422 [Worker-51: Launching spring_boot_backend_template (1)] INFO  o.eclipse.m2e.core.internal.Bundles - 	Entry: C:\Users\sulbh\OneDrive\Desktop\spring-tool-suite-4-4.26.0.RELEASE-e4.33.0-win32.win32.x86_64\sts-4.26.0.RELEASE\plugins\org.eclipse.m2e.maven.runtime_3.9.900.20240824-1409\jars\org.eclipse.sisu.inject-0.9.0.M3.jar
2025-01-31 12:56:23,422 [Worker-51: Launching spring_boot_backend_template (1)] INFO  o.eclipse.m2e.core.internal.Bundles - 	Entry: C:\Users\sulbh\OneDrive\Desktop\spring-tool-suite-4-4.26.0.RELEASE-e4.33.0-win32.win32.x86_64\sts-4.26.0.RELEASE\plugins\org.eclipse.m2e.maven.runtime_3.9.900.20240824-1409\jars\org.eclipse.sisu.plexus-0.9.0.M3.jar
2025-01-31 12:56:23,424 [Worker-51: Launching spring_boot_backend_template (1)] INFO  o.eclipse.m2e.core.internal.Bundles - 	Entry: C:\Users\sulbh\OneDrive\Desktop\spring-tool-suite-4-4.26.0.RELEASE-e4.33.0-win32.win32.x86_64\sts-4.26.0.RELEASE\plugins\org.eclipse.m2e.maven.runtime_3.9.900.20240824-1409\jars\plexus-build-api-0.0.7.jar
2025-01-31 12:56:23,424 [Worker-51: Launching spring_boot_backend_template (1)] INFO  o.eclipse.m2e.core.internal.Bundles - 	Entry: C:\Users\sulbh\OneDrive\Desktop\spring-tool-suite-4-4.26.0.RELEASE-e4.33.0-win32.win32.x86_64\sts-4.26.0.RELEASE\plugins\org.eclipse.m2e.maven.runtime_3.9.900.20240824-1409\jars\plexus-build-api-1.2.0.jar
2025-01-31 12:56:23,424 [Worker-51: Launching spring_boot_backend_template (1)] INFO  o.eclipse.m2e.core.internal.Bundles - 	Entry: C:\Users\sulbh\OneDrive\Desktop\spring-tool-suite-4-4.26.0.RELEASE-e4.33.0-win32.win32.x86_64\sts-4.26.0.RELEASE\plugins\org.eclipse.m2e.maven.runtime_3.9.900.20240824-1409\jars\plexus-cipher-2.0.jar
2025-01-31 12:56:23,424 [Worker-51: Launching spring_boot_backend_template (1)] INFO  o.eclipse.m2e.core.internal.Bundles - 	Entry: C:\Users\sulbh\OneDrive\Desktop\spring-tool-suite-4-4.26.0.RELEASE-e4.33.0-win32.win32.x86_64\sts-4.26.0.RELEASE\plugins\org.eclipse.m2e.maven.runtime_3.9.900.20240824-1409\jars\plexus-classworlds-2.8.0.jar
2025-01-31 12:56:23,424 [Worker-51: Launching spring_boot_backend_template (1)] INFO  o.eclipse.m2e.core.internal.Bundles - 	Entry: C:\Users\sulbh\OneDrive\Desktop\spring-tool-suite-4-4.26.0.RELEASE-e4.33.0-win32.win32.x86_64\sts-4.26.0.RELEASE\plugins\org.eclipse.m2e.maven.runtime_3.9.900.20240824-1409\jars\plexus-component-annotations-2.1.0.jar
2025-01-31 12:56:23,424 [Worker-51: Launching spring_boot_backend_template (1)] INFO  o.eclipse.m2e.core.internal.Bundles - 	Entry: C:\Users\sulbh\OneDrive\Desktop\spring-tool-suite-4-4.26.0.RELEASE-e4.33.0-win32.win32.x86_64\sts-4.26.0.RELEASE\plugins\org.eclipse.m2e.maven.runtime_3.9.900.20240824-1409\jars\plexus-interpolation-1.27.jar
2025-01-31 12:56:23,424 [Worker-51: Launching spring_boot_backend_template (1)] INFO  o.eclipse.m2e.core.internal.Bundles - 	Entry: C:\Users\sulbh\OneDrive\Desktop\spring-tool-suite-4-4.26.0.RELEASE-e4.33.0-win32.win32.x86_64\sts-4.26.0.RELEASE\plugins\org.eclipse.m2e.maven.runtime_3.9.900.20240824-1409\jars\plexus-sec-dispatcher-2.0.jar
2025-01-31 12:56:23,425 [Worker-51: Launching spring_boot_backend_template (1)] INFO  o.eclipse.m2e.core.internal.Bundles - 	Entry: C:\Users\sulbh\OneDrive\Desktop\spring-tool-suite-4-4.26.0.RELEASE-e4.33.0-win32.win32.x86_64\sts-4.26.0.RELEASE\plugins\org.eclipse.m2e.maven.runtime_3.9.900.20240824-1409\jars\plexus-utils-3.5.1.jar
2025-01-31 12:56:23,425 [Worker-51: Launching spring_boot_backend_template (1)] INFO  o.eclipse.m2e.core.internal.Bundles - 	Entry: C:\Users\sulbh\OneDrive\Desktop\spring-tool-suite-4-4.26.0.RELEASE-e4.33.0-win32.win32.x86_64\sts-4.26.0.RELEASE\plugins\org.eclipse.m2e.maven.runtime_3.9.900.20240824-1409\jars\plexus-xml-3.0.1.jar
2025-01-31 12:56:23,425 [Worker-51: Launching spring_boot_backend_template (1)] INFO  o.eclipse.m2e.core.internal.Bundles - 	Entry: C:\Users\sulbh\OneDrive\Desktop\spring-tool-suite-4-4.26.0.RELEASE-e4.33.0-win32.win32.x86_64\sts-4.26.0.RELEASE\plugins\org.eclipse.m2e.maven.runtime_3.9.900.20240824-1409\jars\wagon-file-3.5.3.jar
2025-01-31 12:56:23,425 [Worker-51: Launching spring_boot_backend_template (1)] INFO  o.eclipse.m2e.core.internal.Bundles - 	Entry: C:\Users\sulbh\OneDrive\Desktop\spring-tool-suite-4-4.26.0.RELEASE-e4.33.0-win32.win32.x86_64\sts-4.26.0.RELEASE\plugins\org.eclipse.m2e.maven.runtime_3.9.900.20240824-1409\jars\wagon-http-3.5.3.jar
2025-01-31 12:56:23,425 [Worker-51: Launching spring_boot_backend_template (1)] INFO  o.eclipse.m2e.core.internal.Bundles - 	Entry: C:\Users\sulbh\OneDrive\Desktop\spring-tool-suite-4-4.26.0.RELEASE-e4.33.0-win32.win32.x86_64\sts-4.26.0.RELEASE\plugins\org.eclipse.m2e.maven.runtime_3.9.900.20240824-1409\jars\wagon-http-shared-3.5.3.jar
2025-01-31 12:56:23,425 [Worker-51: Launching spring_boot_backend_template (1)] INFO  o.eclipse.m2e.core.internal.Bundles - 	Entry: C:\Users\sulbh\OneDrive\Desktop\spring-tool-suite-4-4.26.0.RELEASE-e4.33.0-win32.win32.x86_64\sts-4.26.0.RELEASE\plugins\org.eclipse.m2e.maven.runtime_3.9.900.20240824-1409\jars\wagon-provider-api-3.5.3.jar
2025-01-31 12:56:23,426 [Worker-51: Launching spring_boot_backend_template (1)] INFO  o.eclipse.m2e.core.internal.Bundles - getClasspathEntries(Bundle=com.google.guava_33.3.0.jre [29])
2025-01-31 12:56:23,427 [Worker-51: Launching spring_boot_backend_template (1)] INFO  o.eclipse.m2e.core.internal.Bundles - 	Entry: C:\Users\sulbh\OneDrive\Desktop\spring-tool-suite-4-4.26.0.RELEASE-e4.33.0-win32.win32.x86_64\sts-4.26.0.RELEASE\plugins\com.google.guava_33.3.0.jre.jar
2025-01-31 12:56:23,427 [Worker-51: Launching spring_boot_backend_template (1)] INFO  o.eclipse.m2e.core.internal.Bundles - getClasspathEntries(Bundle=slf4j.api_2.0.16 [593])
2025-01-31 12:56:23,427 [Worker-51: Launching spring_boot_backend_template (1)] INFO  o.eclipse.m2e.core.internal.Bundles - 	Entry: C:\Users\sulbh\OneDrive\Desktop\spring-tool-suite-4-4.26.0.RELEASE-e4.33.0-win32.win32.x86_64\sts-4.26.0.RELEASE\plugins\slf4j.api_2.0.16.jar
2025-01-31 12:56:23,427 [Worker-51: Launching spring_boot_backend_template (1)] INFO  o.eclipse.m2e.core.internal.Bundles - getClasspathEntries(Bundle=jakarta.inject.jakarta.inject-api_1.0.5 [45])
2025-01-31 12:56:23,428 [Worker-51: Launching spring_boot_backend_template (1)] INFO  o.eclipse.m2e.core.internal.Bundles - 	Entry: C:\Users\sulbh\OneDrive\Desktop\spring-tool-suite-4-4.26.0.RELEASE-e4.33.0-win32.win32.x86_64\sts-4.26.0.RELEASE\plugins\jakarta.inject.jakarta.inject-api_1.0.5.jar
2025-01-31 12:56:23,428 [Worker-51: Launching spring_boot_backend_template (1)] INFO  o.eclipse.m2e.core.internal.Bundles - getClasspathEntries(Bundle=jakarta.annotation-api_1.3.5 [41])
2025-01-31 12:56:23,428 [Worker-51: Launching spring_boot_backend_template (1)] INFO  o.eclipse.m2e.core.internal.Bundles - 	Entry: C:\Users\sulbh\OneDrive\Desktop\spring-tool-suite-4-4.26.0.RELEASE-e4.33.0-win32.win32.x86_64\sts-4.26.0.RELEASE\plugins\jakarta.annotation-api_1.3.5.jar
2025-01-31 12:56:23,428 [Worker-51: Launching spring_boot_backend_template (1)] INFO  o.eclipse.m2e.core.internal.Bundles - getClasspathEntries(Bundle=org.apache.commons.cli_1.9.0 [77])
2025-01-31 12:56:23,429 [Worker-51: Launching spring_boot_backend_template (1)] INFO  o.eclipse.m2e.core.internal.Bundles - 	Entry: C:\Users\sulbh\OneDrive\Desktop\spring-tool-suite-4-4.26.0.RELEASE-e4.33.0-win32.win32.x86_64\sts-4.26.0.RELEASE\plugins\org.apache.commons.cli_1.9.0.jar
2025-01-31 12:56:23,429 [Worker-51: Launching spring_boot_backend_template (1)] INFO  o.eclipse.m2e.core.internal.Bundles - getClasspathEntries(Bundle=org.apache.commons.commons-codec_1.16.0 [80])
2025-01-31 12:56:23,429 [Worker-51: Launching spring_boot_backend_template (1)] INFO  o.eclipse.m2e.core.internal.Bundles - 	Entry: C:\Users\sulbh\OneDrive\Desktop\spring-tool-suite-4-4.26.0.RELEASE-e4.33.0-win32.win32.x86_64\sts-4.26.0.RELEASE\plugins\org.apache.commons.commons-codec_1.16.0.jar
2025-01-31 12:56:23,429 [Worker-51: Launching spring_boot_backend_template (1)] INFO  o.eclipse.m2e.core.internal.Bundles - getClasspathEntries(Bundle=com.google.guava.failureaccess_1.0.2 [30])
2025-01-31 12:56:23,430 [Worker-51: Launching spring_boot_backend_template (1)] INFO  o.eclipse.m2e.core.internal.Bundles - 	Entry: C:\Users\sulbh\OneDrive\Desktop\spring-tool-suite-4-4.26.0.RELEASE-e4.33.0-win32.win32.x86_64\sts-4.26.0.RELEASE\plugins\com.google.guava.failureaccess_1.0.2.jar
2025-01-31 12:56:23,431 [Worker-51: Launching spring_boot_backend_template (1)] INFO  o.e.m.i.launch.MavenLaunchDelegate - Run build in "D:\kdestate\spring_boot_backend_template":
2025-01-31 12:56:23,431 [Worker-51: Launching spring_boot_backend_template (1)] INFO  o.e.m.i.launch.MavenLaunchDelegate -  mvn  -B -Dmaven.test.skip=true -DskipTests -Dstyle.color=always clean package
2025-01-31 12:57:28,090 [Worker-65: Building] INFO  o.a.m.s.f.DefaultMavenResourcesFiltering - Copying 1 resource from src\main\resources to target\classes
2025-01-31 12:57:28,163 [Worker-65: Building] INFO  o.a.m.s.f.DefaultMavenResourcesFiltering - Copying 0 resource from src\main\resources to target\classes
2025-01-31 12:57:28,186 [Worker-65: Building] INFO  o.a.m.s.f.DefaultMavenResourcesFiltering - skip non existing resourceDirectory D:\kdestate\spring_boot_backend_template\src\test\resources
2025-02-03 18:52:48,121 [Worker-2: Loading available Gradle versions] INFO  o.e.b.c.i.u.g.PublishedGradleVersions - Gradle version information cache is out-of-date. Trying to update.
2025-02-03 18:58:53,231 [Worker-18: Launching spring_boot_backend_template - DemoApplication] INFO  o.a.m.s.f.DefaultMavenResourcesFiltering - Copying 1 resource from src\main\resources to target\classes
2025-02-03 18:58:53,285 [Worker-18: Launching spring_boot_backend_template - DemoApplication] INFO  o.a.m.s.f.DefaultMavenResourcesFiltering - Copying 0 resource from src\main\resources to target\classes
2025-02-03 18:58:53,303 [Worker-18: Launching spring_boot_backend_template - DemoApplication] INFO  o.a.m.s.f.DefaultMavenResourcesFiltering - skip non existing resourceDirectory D:\kdestate\spring_boot_backend_template\src\test\resources
2025-02-03 19:38:04,470 [Worker-26: Building] INFO  o.a.m.s.f.DefaultMavenResourcesFiltering - Copying 1 resource from src\main\resources to target\classes
2025-02-03 19:38:04,488 [Worker-26: Building] INFO  o.a.m.s.f.DefaultMavenResourcesFiltering - Copying 0 resource from src\main\resources to target\classes
2025-02-03 19:38:04,514 [Worker-26: Building] INFO  o.a.m.s.f.DefaultMavenResourcesFiltering - skip non existing resourceDirectory D:\kdestate\spring_boot_backend_template\src\test\resources
2025-02-03 20:03:58,161 [Worker-29: Building] INFO  o.e.m.c.i.l.LifecycleMappingFactory - Using org.eclipse.m2e.jdt.JarLifecycleMapping lifecycle mapping for MavenProject: com.example:spring_boot_backend_template:0.0.1-SNAPSHOT @ D:\kdestate\spring_boot_backend_template\pom.xml.
2025-02-03 20:03:59,268 [Worker-29: Building] INFO  o.a.m.s.f.DefaultMavenResourcesFiltering - Copying 0 resource from src\main\resources to target\classes
2025-02-03 20:03:59,269 [Worker-29: Building] INFO  o.a.m.s.f.DefaultMavenResourcesFiltering - Copying 0 resource from src\main\resources to target\classes
2025-02-03 20:03:59,276 [Worker-29: Building] INFO  o.a.m.s.f.DefaultMavenResourcesFiltering - skip non existing resourceDirectory D:\kdestate\spring_boot_backend_template\src\test\resources
2025-02-03 20:08:53,786 [Worker-32: Building] INFO  o.a.m.s.f.DefaultMavenResourcesFiltering - Copying 1 resource from src\main\resources to target\classes
2025-02-03 20:08:53,808 [Worker-32: Building] INFO  o.a.m.s.f.DefaultMavenResourcesFiltering - Copying 0 resource from src\main\resources to target\classes
2025-02-03 20:08:53,812 [Worker-32: Building] INFO  o.a.m.s.f.DefaultMavenResourcesFiltering - skip non existing resourceDirectory D:\kdestate\spring_boot_backend_template\src\test\resources
2025-02-03 20:09:35,959 [Worker-32: Building] INFO  o.a.m.s.f.DefaultMavenResourcesFiltering - Copying 1 resource from src\main\resources to target\classes
2025-02-03 20:09:35,966 [Worker-32: Building] INFO  o.a.m.s.f.DefaultMavenResourcesFiltering - Copying 0 resource from src\main\resources to target\classes
2025-02-03 20:09:35,969 [Worker-32: Building] INFO  o.a.m.s.f.DefaultMavenResourcesFiltering - skip non existing resourceDirectory D:\kdestate\spring_boot_backend_template\src\test\resources
2025-02-03 20:09:40,994 [Worker-33: Building] INFO  o.a.m.s.f.DefaultMavenResourcesFiltering - Copying 1 resource from src\main\resources to target\classes
2025-02-03 20:09:41,004 [Worker-33: Building] INFO  o.a.m.s.f.DefaultMavenResourcesFiltering - Copying 0 resource from src\main\resources to target\classes
2025-02-03 20:09:41,006 [Worker-33: Building] INFO  o.a.m.s.f.DefaultMavenResourcesFiltering - skip non existing resourceDirectory D:\kdestate\spring_boot_backend_template\src\test\resources
2025-02-03 20:09:58,914 [Worker-30: Building] INFO  o.a.m.s.f.DefaultMavenResourcesFiltering - Copying 1 resource from src\main\resources to target\classes
2025-02-03 20:09:58,919 [Worker-30: Building] INFO  o.a.m.s.f.DefaultMavenResourcesFiltering - Copying 0 resource from src\main\resources to target\classes
2025-02-03 20:09:58,922 [Worker-30: Building] INFO  o.a.m.s.f.DefaultMavenResourcesFiltering - skip non existing resourceDirectory D:\kdestate\spring_boot_backend_template\src\test\resources
2025-02-03 20:12:05,037 [Worker-36: Building] INFO  o.a.m.s.f.DefaultMavenResourcesFiltering - Copying 1 resource from src\main\resources to target\classes
2025-02-03 20:12:05,045 [Worker-36: Building] INFO  o.a.m.s.f.DefaultMavenResourcesFiltering - Copying 0 resource from src\main\resources to target\classes
2025-02-03 20:12:05,049 [Worker-36: Building] INFO  o.a.m.s.f.DefaultMavenResourcesFiltering - skip non existing resourceDirectory D:\kdestate\spring_boot_backend_template\src\test\resources
2025-02-03 20:31:30,337 [Worker-43: Building] INFO  o.a.m.s.f.DefaultMavenResourcesFiltering - Copying 1 resource from src\main\resources to target\classes
2025-02-03 20:31:30,370 [Worker-43: Building] INFO  o.a.m.s.f.DefaultMavenResourcesFiltering - Copying 0 resource from src\main\resources to target\classes
2025-02-03 20:31:30,373 [Worker-43: Building] INFO  o.a.m.s.f.DefaultMavenResourcesFiltering - skip non existing resourceDirectory D:\kdestate\spring_boot_backend_template\src\test\resources
2025-02-03 20:32:19,554 [Worker-41: Building] INFO  o.a.m.s.f.DefaultMavenResourcesFiltering - Copying 1 resource from src\main\resources to target\classes
2025-02-03 20:32:19,571 [Worker-41: Building] INFO  o.a.m.s.f.DefaultMavenResourcesFiltering - Copying 0 resource from src\main\resources to target\classes
2025-02-03 20:32:19,576 [Worker-41: Building] INFO  o.a.m.s.f.DefaultMavenResourcesFiltering - skip non existing resourceDirectory D:\kdestate\spring_boot_backend_template\src\test\resources
2025-02-03 21:05:00,418 [Worker-44: Building] INFO  o.a.m.s.f.DefaultMavenResourcesFiltering - Copying 1 resource from src\main\resources to target\classes
2025-02-03 21:05:00,455 [Worker-44: Building] INFO  o.a.m.s.f.DefaultMavenResourcesFiltering - Copying 0 resource from src\main\resources to target\classes
2025-02-03 21:05:00,465 [Worker-44: Building] INFO  o.a.m.s.f.DefaultMavenResourcesFiltering - skip non existing resourceDirectory D:\kdestate\spring_boot_backend_template\src\test\resources
2025-02-03 21:11:10,533 [Worker-49: Building] INFO  o.a.m.s.f.DefaultMavenResourcesFiltering - Copying 1 resource from src\main\resources to target\classes
2025-02-03 21:11:10,541 [Worker-49: Building] INFO  o.a.m.s.f.DefaultMavenResourcesFiltering - Copying 0 resource from src\main\resources to target\classes
2025-02-03 21:11:10,545 [Worker-49: Building] INFO  o.a.m.s.f.DefaultMavenResourcesFiltering - skip non existing resourceDirectory D:\kdestate\spring_boot_backend_template\src\test\resources
2025-02-03 21:20:01,339 [Worker-49: Building] INFO  o.a.m.s.f.DefaultMavenResourcesFiltering - Copying 1 resource from src\main\resources to target\classes
2025-02-03 21:20:01,344 [Worker-49: Building] INFO  o.a.m.s.f.DefaultMavenResourcesFiltering - Copying 0 resource from src\main\resources to target\classes
2025-02-03 21:20:01,346 [Worker-49: Building] INFO  o.a.m.s.f.DefaultMavenResourcesFiltering - skip non existing resourceDirectory D:\kdestate\spring_boot_backend_template\src\test\resources
2025-02-03 21:30:08,767 [main] INFO  o.e.m2e.actions.ExecutePomAction - Creating new launch configuration
2025-02-03 21:30:31,688 [Worker-53: Launching spring_boot_backend_template (2)] INFO  o.eclipse.m2e.core.internal.Bundles - getClasspathEntries(Bundle=org.eclipse.m2e.maven.runtime_3.9.900.20240824-1409 [360])
2025-02-03 21:30:31,689 [Worker-53: Launching spring_boot_backend_template (2)] INFO  o.eclipse.m2e.core.internal.Bundles - 	Entry: C:\Users\sulbh\OneDrive\Desktop\spring-tool-suite-4-4.26.0.RELEASE-e4.33.0-win32.win32.x86_64\sts-4.26.0.RELEASE\plugins\org.eclipse.m2e.maven.runtime_3.9.900.20240824-1409
2025-02-03 21:30:31,692 [Worker-53: Launching spring_boot_backend_template (2)] INFO  o.eclipse.m2e.core.internal.Bundles - 	Entry: C:\Users\sulbh\OneDrive\Desktop\spring-tool-suite-4-4.26.0.RELEASE-e4.33.0-win32.win32.x86_64\sts-4.26.0.RELEASE\plugins\org.eclipse.m2e.maven.runtime_3.9.900.20240824-1409\jars\aopalliance-1.0.jar
2025-02-03 21:30:31,693 [Worker-53: Launching spring_boot_backend_template (2)] INFO  o.eclipse.m2e.core.internal.Bundles - 	Entry: C:\Users\sulbh\OneDrive\Desktop\spring-tool-suite-4-4.26.0.RELEASE-e4.33.0-win32.win32.x86_64\sts-4.26.0.RELEASE\plugins\org.eclipse.m2e.maven.runtime_3.9.900.20240824-1409\jars\guice-5.1.0.jar
2025-02-03 21:30:31,694 [Worker-53: Launching spring_boot_backend_template (2)] INFO  o.eclipse.m2e.core.internal.Bundles - 	Entry: C:\Users\sulbh\OneDrive\Desktop\spring-tool-suite-4-4.26.0.RELEASE-e4.33.0-win32.win32.x86_64\sts-4.26.0.RELEASE\plugins\org.eclipse.m2e.maven.runtime_3.9.900.20240824-1409\jars\httpclient-4.5.14.jar
2025-02-03 21:30:31,694 [Worker-53: Launching spring_boot_backend_template (2)] INFO  o.eclipse.m2e.core.internal.Bundles - 	Entry: C:\Users\sulbh\OneDrive\Desktop\spring-tool-suite-4-4.26.0.RELEASE-e4.33.0-win32.win32.x86_64\sts-4.26.0.RELEASE\plugins\org.eclipse.m2e.maven.runtime_3.9.900.20240824-1409\jars\httpcore-4.4.16.jar
2025-02-03 21:30:31,695 [Worker-53: Launching spring_boot_backend_template (2)] INFO  o.eclipse.m2e.core.internal.Bundles - 	Entry: C:\Users\sulbh\OneDrive\Desktop\spring-tool-suite-4-4.26.0.RELEASE-e4.33.0-win32.win32.x86_64\sts-4.26.0.RELEASE\plugins\org.eclipse.m2e.maven.runtime_3.9.900.20240824-1409\jars\jansi-2.4.1.jar
2025-02-03 21:30:31,696 [Worker-53: Launching spring_boot_backend_template (2)] INFO  o.eclipse.m2e.core.internal.Bundles - 	Entry: C:\Users\sulbh\OneDrive\Desktop\spring-tool-suite-4-4.26.0.RELEASE-e4.33.0-win32.win32.x86_64\sts-4.26.0.RELEASE\plugins\org.eclipse.m2e.maven.runtime_3.9.900.20240824-1409\jars\jcl-over-slf4j-1.7.36.jar
2025-02-03 21:30:31,698 [Worker-53: Launching spring_boot_backend_template (2)] INFO  o.eclipse.m2e.core.internal.Bundles - 	Entry: C:\Users\sulbh\OneDrive\Desktop\spring-tool-suite-4-4.26.0.RELEASE-e4.33.0-win32.win32.x86_64\sts-4.26.0.RELEASE\plugins\org.eclipse.m2e.maven.runtime_3.9.900.20240824-1409\jars\maven-artifact-3.9.9.jar
2025-02-03 21:30:31,699 [Worker-53: Launching spring_boot_backend_template (2)] INFO  o.eclipse.m2e.core.internal.Bundles - 	Entry: C:\Users\sulbh\OneDrive\Desktop\spring-tool-suite-4-4.26.0.RELEASE-e4.33.0-win32.win32.x86_64\sts-4.26.0.RELEASE\plugins\org.eclipse.m2e.maven.runtime_3.9.900.20240824-1409\jars\maven-builder-support-3.9.9.jar
2025-02-03 21:30:31,700 [Worker-53: Launching spring_boot_backend_template (2)] INFO  o.eclipse.m2e.core.internal.Bundles - 	Entry: C:\Users\sulbh\OneDrive\Desktop\spring-tool-suite-4-4.26.0.RELEASE-e4.33.0-win32.win32.x86_64\sts-4.26.0.RELEASE\plugins\org.eclipse.m2e.maven.runtime_3.9.900.20240824-1409\jars\maven-compat-3.9.9.jar
2025-02-03 21:30:31,701 [Worker-53: Launching spring_boot_backend_template (2)] INFO  o.eclipse.m2e.core.internal.Bundles - 	Entry: C:\Users\sulbh\OneDrive\Desktop\spring-tool-suite-4-4.26.0.RELEASE-e4.33.0-win32.win32.x86_64\sts-4.26.0.RELEASE\plugins\org.eclipse.m2e.maven.runtime_3.9.900.20240824-1409\jars\maven-core-3.9.9.jar
2025-02-03 21:30:31,702 [Worker-53: Launching spring_boot_backend_template (2)] INFO  o.eclipse.m2e.core.internal.Bundles - 	Entry: C:\Users\sulbh\OneDrive\Desktop\spring-tool-suite-4-4.26.0.RELEASE-e4.33.0-win32.win32.x86_64\sts-4.26.0.RELEASE\plugins\org.eclipse.m2e.maven.runtime_3.9.900.20240824-1409\jars\maven-embedder-3.9.9.jar
2025-02-03 21:30:31,702 [Worker-53: Launching spring_boot_backend_template (2)] INFO  o.eclipse.m2e.core.internal.Bundles - 	Entry: C:\Users\sulbh\OneDrive\Desktop\spring-tool-suite-4-4.26.0.RELEASE-e4.33.0-win32.win32.x86_64\sts-4.26.0.RELEASE\plugins\org.eclipse.m2e.maven.runtime_3.9.900.20240824-1409\jars\maven-model-3.9.9.jar
2025-02-03 21:30:31,703 [Worker-53: Launching spring_boot_backend_template (2)] INFO  o.eclipse.m2e.core.internal.Bundles - 	Entry: C:\Users\sulbh\OneDrive\Desktop\spring-tool-suite-4-4.26.0.RELEASE-e4.33.0-win32.win32.x86_64\sts-4.26.0.RELEASE\plugins\org.eclipse.m2e.maven.runtime_3.9.900.20240824-1409\jars\maven-model-builder-3.9.9.jar
2025-02-03 21:30:31,703 [Worker-53: Launching spring_boot_backend_template (2)] INFO  o.eclipse.m2e.core.internal.Bundles - 	Entry: C:\Users\sulbh\OneDrive\Desktop\spring-tool-suite-4-4.26.0.RELEASE-e4.33.0-win32.win32.x86_64\sts-4.26.0.RELEASE\plugins\org.eclipse.m2e.maven.runtime_3.9.900.20240824-1409\jars\maven-plugin-api-3.9.9.jar
2025-02-03 21:30:31,705 [Worker-53: Launching spring_boot_backend_template (2)] INFO  o.eclipse.m2e.core.internal.Bundles - 	Entry: C:\Users\sulbh\OneDrive\Desktop\spring-tool-suite-4-4.26.0.RELEASE-e4.33.0-win32.win32.x86_64\sts-4.26.0.RELEASE\plugins\org.eclipse.m2e.maven.runtime_3.9.900.20240824-1409\jars\maven-repository-metadata-3.9.9.jar
2025-02-03 21:30:31,705 [Worker-53: Launching spring_boot_backend_template (2)] INFO  o.eclipse.m2e.core.internal.Bundles - 	Entry: C:\Users\sulbh\OneDrive\Desktop\spring-tool-suite-4-4.26.0.RELEASE-e4.33.0-win32.win32.x86_64\sts-4.26.0.RELEASE\plugins\org.eclipse.m2e.maven.runtime_3.9.900.20240824-1409\jars\maven-resolver-api-1.9.22.jar
2025-02-03 21:30:31,705 [Worker-53: Launching spring_boot_backend_template (2)] INFO  o.eclipse.m2e.core.internal.Bundles - 	Entry: C:\Users\sulbh\OneDrive\Desktop\spring-tool-suite-4-4.26.0.RELEASE-e4.33.0-win32.win32.x86_64\sts-4.26.0.RELEASE\plugins\org.eclipse.m2e.maven.runtime_3.9.900.20240824-1409\jars\maven-resolver-connector-basic-1.9.22.jar
2025-02-03 21:30:31,705 [Worker-53: Launching spring_boot_backend_template (2)] INFO  o.eclipse.m2e.core.internal.Bundles - 	Entry: C:\Users\sulbh\OneDrive\Desktop\spring-tool-suite-4-4.26.0.RELEASE-e4.33.0-win32.win32.x86_64\sts-4.26.0.RELEASE\plugins\org.eclipse.m2e.maven.runtime_3.9.900.20240824-1409\jars\maven-resolver-impl-1.9.22.jar
2025-02-03 21:30:31,705 [Worker-53: Launching spring_boot_backend_template (2)] INFO  o.eclipse.m2e.core.internal.Bundles - 	Entry: C:\Users\sulbh\OneDrive\Desktop\spring-tool-suite-4-4.26.0.RELEASE-e4.33.0-win32.win32.x86_64\sts-4.26.0.RELEASE\plugins\org.eclipse.m2e.maven.runtime_3.9.900.20240824-1409\jars\maven-resolver-named-locks-1.9.22.jar
2025-02-03 21:30:31,706 [Worker-53: Launching spring_boot_backend_template (2)] INFO  o.eclipse.m2e.core.internal.Bundles - 	Entry: C:\Users\sulbh\OneDrive\Desktop\spring-tool-suite-4-4.26.0.RELEASE-e4.33.0-win32.win32.x86_64\sts-4.26.0.RELEASE\plugins\org.eclipse.m2e.maven.runtime_3.9.900.20240824-1409\jars\maven-resolver-provider-3.9.9.jar
2025-02-03 21:30:31,707 [Worker-53: Launching spring_boot_backend_template (2)] INFO  o.eclipse.m2e.core.internal.Bundles - 	Entry: C:\Users\sulbh\OneDrive\Desktop\spring-tool-suite-4-4.26.0.RELEASE-e4.33.0-win32.win32.x86_64\sts-4.26.0.RELEASE\plugins\org.eclipse.m2e.maven.runtime_3.9.900.20240824-1409\jars\maven-resolver-spi-1.9.22.jar
2025-02-03 21:30:31,707 [Worker-53: Launching spring_boot_backend_template (2)] INFO  o.eclipse.m2e.core.internal.Bundles - 	Entry: C:\Users\sulbh\OneDrive\Desktop\spring-tool-suite-4-4.26.0.RELEASE-e4.33.0-win32.win32.x86_64\sts-4.26.0.RELEASE\plugins\org.eclipse.m2e.maven.runtime_3.9.900.20240824-1409\jars\maven-resolver-transport-file-1.9.22.jar
2025-02-03 21:30:31,707 [Worker-53: Launching spring_boot_backend_template (2)] INFO  o.eclipse.m2e.core.internal.Bundles - 	Entry: C:\Users\sulbh\OneDrive\Desktop\spring-tool-suite-4-4.26.0.RELEASE-e4.33.0-win32.win32.x86_64\sts-4.26.0.RELEASE\plugins\org.eclipse.m2e.maven.runtime_3.9.900.20240824-1409\jars\maven-resolver-transport-http-1.9.22.jar
2025-02-03 21:30:31,709 [Worker-53: Launching spring_boot_backend_template (2)] INFO  o.eclipse.m2e.core.internal.Bundles - 	Entry: C:\Users\sulbh\OneDrive\Desktop\spring-tool-suite-4-4.26.0.RELEASE-e4.33.0-win32.win32.x86_64\sts-4.26.0.RELEASE\plugins\org.eclipse.m2e.maven.runtime_3.9.900.20240824-1409\jars\maven-resolver-transport-wagon-1.9.22.jar
2025-02-03 21:30:31,710 [Worker-53: Launching spring_boot_backend_template (2)] INFO  o.eclipse.m2e.core.internal.Bundles - 	Entry: C:\Users\sulbh\OneDrive\Desktop\spring-tool-suite-4-4.26.0.RELEASE-e4.33.0-win32.win32.x86_64\sts-4.26.0.RELEASE\plugins\org.eclipse.m2e.maven.runtime_3.9.900.20240824-1409\jars\maven-resolver-util-1.9.22.jar
2025-02-03 21:30:31,710 [Worker-53: Launching spring_boot_backend_template (2)] INFO  o.eclipse.m2e.core.internal.Bundles - 	Entry: C:\Users\sulbh\OneDrive\Desktop\spring-tool-suite-4-4.26.0.RELEASE-e4.33.0-win32.win32.x86_64\sts-4.26.0.RELEASE\plugins\org.eclipse.m2e.maven.runtime_3.9.900.20240824-1409\jars\maven-settings-3.9.9.jar
2025-02-03 21:30:31,710 [Worker-53: Launching spring_boot_backend_template (2)] INFO  o.eclipse.m2e.core.internal.Bundles - 	Entry: C:\Users\sulbh\OneDrive\Desktop\spring-tool-suite-4-4.26.0.RELEASE-e4.33.0-win32.win32.x86_64\sts-4.26.0.RELEASE\plugins\org.eclipse.m2e.maven.runtime_3.9.900.20240824-1409\jars\maven-settings-builder-3.9.9.jar
2025-02-03 21:30:31,711 [Worker-53: Launching spring_boot_backend_template (2)] INFO  o.eclipse.m2e.core.internal.Bundles - 	Entry: C:\Users\sulbh\OneDrive\Desktop\spring-tool-suite-4-4.26.0.RELEASE-e4.33.0-win32.win32.x86_64\sts-4.26.0.RELEASE\plugins\org.eclipse.m2e.maven.runtime_3.9.900.20240824-1409\jars\maven-shared-utils-3.4.2.jar
2025-02-03 21:30:31,711 [Worker-53: Launching spring_boot_backend_template (2)] INFO  o.eclipse.m2e.core.internal.Bundles - 	Entry: C:\Users\sulbh\OneDrive\Desktop\spring-tool-suite-4-4.26.0.RELEASE-e4.33.0-win32.win32.x86_64\sts-4.26.0.RELEASE\plugins\org.eclipse.m2e.maven.runtime_3.9.900.20240824-1409\jars\org.eclipse.sisu.inject-0.9.0.M3.jar
2025-02-03 21:30:31,711 [Worker-53: Launching spring_boot_backend_template (2)] INFO  o.eclipse.m2e.core.internal.Bundles - 	Entry: C:\Users\sulbh\OneDrive\Desktop\spring-tool-suite-4-4.26.0.RELEASE-e4.33.0-win32.win32.x86_64\sts-4.26.0.RELEASE\plugins\org.eclipse.m2e.maven.runtime_3.9.900.20240824-1409\jars\org.eclipse.sisu.plexus-0.9.0.M3.jar
2025-02-03 21:30:31,712 [Worker-53: Launching spring_boot_backend_template (2)] INFO  o.eclipse.m2e.core.internal.Bundles - 	Entry: C:\Users\sulbh\OneDrive\Desktop\spring-tool-suite-4-4.26.0.RELEASE-e4.33.0-win32.win32.x86_64\sts-4.26.0.RELEASE\plugins\org.eclipse.m2e.maven.runtime_3.9.900.20240824-1409\jars\plexus-build-api-0.0.7.jar
2025-02-03 21:30:31,712 [Worker-53: Launching spring_boot_backend_template (2)] INFO  o.eclipse.m2e.core.internal.Bundles - 	Entry: C:\Users\sulbh\OneDrive\Desktop\spring-tool-suite-4-4.26.0.RELEASE-e4.33.0-win32.win32.x86_64\sts-4.26.0.RELEASE\plugins\org.eclipse.m2e.maven.runtime_3.9.900.20240824-1409\jars\plexus-build-api-1.2.0.jar
2025-02-03 21:30:31,712 [Worker-53: Launching spring_boot_backend_template (2)] INFO  o.eclipse.m2e.core.internal.Bundles - 	Entry: C:\Users\sulbh\OneDrive\Desktop\spring-tool-suite-4-4.26.0.RELEASE-e4.33.0-win32.win32.x86_64\sts-4.26.0.RELEASE\plugins\org.eclipse.m2e.maven.runtime_3.9.900.20240824-1409\jars\plexus-cipher-2.0.jar
2025-02-03 21:30:31,712 [Worker-53: Launching spring_boot_backend_template (2)] INFO  o.eclipse.m2e.core.internal.Bundles - 	Entry: C:\Users\sulbh\OneDrive\Desktop\spring-tool-suite-4-4.26.0.RELEASE-e4.33.0-win32.win32.x86_64\sts-4.26.0.RELEASE\plugins\org.eclipse.m2e.maven.runtime_3.9.900.20240824-1409\jars\plexus-classworlds-2.8.0.jar
2025-02-03 21:30:31,713 [Worker-53: Launching spring_boot_backend_template (2)] INFO  o.eclipse.m2e.core.internal.Bundles - 	Entry: C:\Users\sulbh\OneDrive\Desktop\spring-tool-suite-4-4.26.0.RELEASE-e4.33.0-win32.win32.x86_64\sts-4.26.0.RELEASE\plugins\org.eclipse.m2e.maven.runtime_3.9.900.20240824-1409\jars\plexus-component-annotations-2.1.0.jar
2025-02-03 21:30:31,713 [Worker-53: Launching spring_boot_backend_template (2)] INFO  o.eclipse.m2e.core.internal.Bundles - 	Entry: C:\Users\sulbh\OneDrive\Desktop\spring-tool-suite-4-4.26.0.RELEASE-e4.33.0-win32.win32.x86_64\sts-4.26.0.RELEASE\plugins\org.eclipse.m2e.maven.runtime_3.9.900.20240824-1409\jars\plexus-interpolation-1.27.jar
2025-02-03 21:30:31,714 [Worker-53: Launching spring_boot_backend_template (2)] INFO  o.eclipse.m2e.core.internal.Bundles - 	Entry: C:\Users\sulbh\OneDrive\Desktop\spring-tool-suite-4-4.26.0.RELEASE-e4.33.0-win32.win32.x86_64\sts-4.26.0.RELEASE\plugins\org.eclipse.m2e.maven.runtime_3.9.900.20240824-1409\jars\plexus-sec-dispatcher-2.0.jar
2025-02-03 21:30:31,714 [Worker-53: Launching spring_boot_backend_template (2)] INFO  o.eclipse.m2e.core.internal.Bundles - 	Entry: C:\Users\sulbh\OneDrive\Desktop\spring-tool-suite-4-4.26.0.RELEASE-e4.33.0-win32.win32.x86_64\sts-4.26.0.RELEASE\plugins\org.eclipse.m2e.maven.runtime_3.9.900.20240824-1409\jars\plexus-utils-3.5.1.jar
2025-02-03 21:30:31,715 [Worker-53: Launching spring_boot_backend_template (2)] INFO  o.eclipse.m2e.core.internal.Bundles - 	Entry: C:\Users\sulbh\OneDrive\Desktop\spring-tool-suite-4-4.26.0.RELEASE-e4.33.0-win32.win32.x86_64\sts-4.26.0.RELEASE\plugins\org.eclipse.m2e.maven.runtime_3.9.900.20240824-1409\jars\plexus-xml-3.0.1.jar
2025-02-03 21:30:31,716 [Worker-53: Launching spring_boot_backend_template (2)] INFO  o.eclipse.m2e.core.internal.Bundles - 	Entry: C:\Users\sulbh\OneDrive\Desktop\spring-tool-suite-4-4.26.0.RELEASE-e4.33.0-win32.win32.x86_64\sts-4.26.0.RELEASE\plugins\org.eclipse.m2e.maven.runtime_3.9.900.20240824-1409\jars\wagon-file-3.5.3.jar
2025-02-03 21:30:31,717 [Worker-53: Launching spring_boot_backend_template (2)] INFO  o.eclipse.m2e.core.internal.Bundles - 	Entry: C:\Users\sulbh\OneDrive\Desktop\spring-tool-suite-4-4.26.0.RELEASE-e4.33.0-win32.win32.x86_64\sts-4.26.0.RELEASE\plugins\org.eclipse.m2e.maven.runtime_3.9.900.20240824-1409\jars\wagon-http-3.5.3.jar
2025-02-03 21:30:31,717 [Worker-53: Launching spring_boot_backend_template (2)] INFO  o.eclipse.m2e.core.internal.Bundles - 	Entry: C:\Users\sulbh\OneDrive\Desktop\spring-tool-suite-4-4.26.0.RELEASE-e4.33.0-win32.win32.x86_64\sts-4.26.0.RELEASE\plugins\org.eclipse.m2e.maven.runtime_3.9.900.20240824-1409\jars\wagon-http-shared-3.5.3.jar
2025-02-03 21:30:31,718 [Worker-53: Launching spring_boot_backend_template (2)] INFO  o.eclipse.m2e.core.internal.Bundles - 	Entry: C:\Users\sulbh\OneDrive\Desktop\spring-tool-suite-4-4.26.0.RELEASE-e4.33.0-win32.win32.x86_64\sts-4.26.0.RELEASE\plugins\org.eclipse.m2e.maven.runtime_3.9.900.20240824-1409\jars\wagon-provider-api-3.5.3.jar
2025-02-03 21:30:31,720 [Worker-53: Launching spring_boot_backend_template (2)] INFO  o.eclipse.m2e.core.internal.Bundles - getClasspathEntries(Bundle=com.google.guava_33.3.0.jre [29])
2025-02-03 21:30:31,721 [Worker-53: Launching spring_boot_backend_template (2)] INFO  o.eclipse.m2e.core.internal.Bundles - 	Entry: C:\Users\sulbh\OneDrive\Desktop\spring-tool-suite-4-4.26.0.RELEASE-e4.33.0-win32.win32.x86_64\sts-4.26.0.RELEASE\plugins\com.google.guava_33.3.0.jre.jar
2025-02-03 21:30:31,721 [Worker-53: Launching spring_boot_backend_template (2)] INFO  o.eclipse.m2e.core.internal.Bundles - getClasspathEntries(Bundle=slf4j.api_2.0.16 [593])
2025-02-03 21:30:31,721 [Worker-53: Launching spring_boot_backend_template (2)] INFO  o.eclipse.m2e.core.internal.Bundles - 	Entry: C:\Users\sulbh\OneDrive\Desktop\spring-tool-suite-4-4.26.0.RELEASE-e4.33.0-win32.win32.x86_64\sts-4.26.0.RELEASE\plugins\slf4j.api_2.0.16.jar
2025-02-03 21:30:31,721 [Worker-53: Launching spring_boot_backend_template (2)] INFO  o.eclipse.m2e.core.internal.Bundles - getClasspathEntries(Bundle=jakarta.inject.jakarta.inject-api_1.0.5 [45])
2025-02-03 21:30:31,722 [Worker-53: Launching spring_boot_backend_template (2)] INFO  o.eclipse.m2e.core.internal.Bundles - 	Entry: C:\Users\sulbh\OneDrive\Desktop\spring-tool-suite-4-4.26.0.RELEASE-e4.33.0-win32.win32.x86_64\sts-4.26.0.RELEASE\plugins\jakarta.inject.jakarta.inject-api_1.0.5.jar
2025-02-03 21:30:31,722 [Worker-53: Launching spring_boot_backend_template (2)] INFO  o.eclipse.m2e.core.internal.Bundles - getClasspathEntries(Bundle=jakarta.annotation-api_1.3.5 [41])
2025-02-03 21:30:31,722 [Worker-53: Launching spring_boot_backend_template (2)] INFO  o.eclipse.m2e.core.internal.Bundles - 	Entry: C:\Users\sulbh\OneDrive\Desktop\spring-tool-suite-4-4.26.0.RELEASE-e4.33.0-win32.win32.x86_64\sts-4.26.0.RELEASE\plugins\jakarta.annotation-api_1.3.5.jar
2025-02-03 21:30:31,722 [Worker-53: Launching spring_boot_backend_template (2)] INFO  o.eclipse.m2e.core.internal.Bundles - getClasspathEntries(Bundle=org.apache.commons.cli_1.9.0 [77])
2025-02-03 21:30:31,723 [Worker-53: Launching spring_boot_backend_template (2)] INFO  o.eclipse.m2e.core.internal.Bundles - 	Entry: C:\Users\sulbh\OneDrive\Desktop\spring-tool-suite-4-4.26.0.RELEASE-e4.33.0-win32.win32.x86_64\sts-4.26.0.RELEASE\plugins\org.apache.commons.cli_1.9.0.jar
2025-02-03 21:30:31,723 [Worker-53: Launching spring_boot_backend_template (2)] INFO  o.eclipse.m2e.core.internal.Bundles - getClasspathEntries(Bundle=org.apache.commons.commons-codec_1.16.0 [80])
2025-02-03 21:30:31,724 [Worker-53: Launching spring_boot_backend_template (2)] INFO  o.eclipse.m2e.core.internal.Bundles - 	Entry: C:\Users\sulbh\OneDrive\Desktop\spring-tool-suite-4-4.26.0.RELEASE-e4.33.0-win32.win32.x86_64\sts-4.26.0.RELEASE\plugins\org.apache.commons.commons-codec_1.16.0.jar
2025-02-03 21:30:31,724 [Worker-53: Launching spring_boot_backend_template (2)] INFO  o.eclipse.m2e.core.internal.Bundles - getClasspathEntries(Bundle=com.google.guava.failureaccess_1.0.2 [30])
2025-02-03 21:30:31,725 [Worker-53: Launching spring_boot_backend_template (2)] INFO  o.eclipse.m2e.core.internal.Bundles - 	Entry: C:\Users\sulbh\OneDrive\Desktop\spring-tool-suite-4-4.26.0.RELEASE-e4.33.0-win32.win32.x86_64\sts-4.26.0.RELEASE\plugins\com.google.guava.failureaccess_1.0.2.jar
2025-02-03 21:30:31,729 [Worker-53: Launching spring_boot_backend_template (2)] INFO  o.e.m.i.launch.MavenLaunchDelegate - Run build in "D:\kdestate\spring_boot_backend_template":
2025-02-03 21:30:31,729 [Worker-53: Launching spring_boot_backend_template (2)] INFO  o.e.m.i.launch.MavenLaunchDelegate -  mvn  -B -Dmaven.test.skip=true -DskipTests -Dstyle.color=always clean package
2025-02-03 22:08:55,615 [Worker-66: Building] INFO  o.a.m.s.f.DefaultMavenResourcesFiltering - Copying 1 resource from src\main\resources to target\classes
2025-02-03 22:08:55,640 [Worker-66: Building] INFO  o.a.m.s.f.DefaultMavenResourcesFiltering - Copying 0 resource from src\main\resources to target\classes
2025-02-03 22:08:55,642 [Worker-66: Building] INFO  o.a.m.s.f.DefaultMavenResourcesFiltering - skip non existing resourceDirectory D:\kdestate\spring_boot_backend_template\src\test\resources
2025-02-03 22:13:35,821 [Worker-65: Building] INFO  o.a.m.s.f.DefaultMavenResourcesFiltering - Copying 1 resource from src\main\resources to target\classes
2025-02-03 22:13:35,826 [Worker-65: Building] INFO  o.a.m.s.f.DefaultMavenResourcesFiltering - Copying 0 resource from src\main\resources to target\classes
2025-02-03 22:13:35,828 [Worker-65: Building] INFO  o.a.m.s.f.DefaultMavenResourcesFiltering - skip non existing resourceDirectory D:\kdestate\spring_boot_backend_template\src\test\resources
2025-02-03 22:14:33,896 [Worker-66: Building] INFO  o.a.m.s.f.DefaultMavenResourcesFiltering - Copying 1 resource from src\main\resources to target\classes
2025-02-03 22:14:33,901 [Worker-66: Building] INFO  o.a.m.s.f.DefaultMavenResourcesFiltering - Copying 0 resource from src\main\resources to target\classes
2025-02-03 22:14:33,903 [Worker-66: Building] INFO  o.a.m.s.f.DefaultMavenResourcesFiltering - skip non existing resourceDirectory D:\kdestate\spring_boot_backend_template\src\test\resources
2025-02-03 22:14:46,529 [Worker-67: Building] INFO  o.a.m.s.f.DefaultMavenResourcesFiltering - Copying 1 resource from src\main\resources to target\classes
2025-02-03 22:14:46,534 [Worker-67: Building] INFO  o.a.m.s.f.DefaultMavenResourcesFiltering - Copying 0 resource from src\main\resources to target\classes
2025-02-03 22:14:46,536 [Worker-67: Building] INFO  o.a.m.s.f.DefaultMavenResourcesFiltering - skip non existing resourceDirectory D:\kdestate\spring_boot_backend_template\src\test\resources
2025-02-03 22:17:58,890 [Worker-71: Building] INFO  o.a.m.s.f.DefaultMavenResourcesFiltering - Copying 1 resource from src\main\resources to target\classes
2025-02-03 22:17:58,896 [Worker-71: Building] INFO  o.a.m.s.f.DefaultMavenResourcesFiltering - Copying 0 resource from src\main\resources to target\classes
2025-02-03 22:17:58,898 [Worker-71: Building] INFO  o.a.m.s.f.DefaultMavenResourcesFiltering - skip non existing resourceDirectory D:\kdestate\spring_boot_backend_template\src\test\resources
2025-02-03 22:20:36,003 [Worker-72: Building] INFO  o.a.m.s.f.DefaultMavenResourcesFiltering - Copying 1 resource from src\main\resources to target\classes
2025-02-03 22:20:36,010 [Worker-72: Building] INFO  o.a.m.s.f.DefaultMavenResourcesFiltering - Copying 0 resource from src\main\resources to target\classes
2025-02-03 22:20:36,013 [Worker-72: Building] INFO  o.a.m.s.f.DefaultMavenResourcesFiltering - skip non existing resourceDirectory D:\kdestate\spring_boot_backend_template\src\test\resources
2025-02-03 22:22:20,010 [Worker-73: Building] INFO  o.a.m.s.f.DefaultMavenResourcesFiltering - Copying 1 resource from src\main\resources to target\classes
2025-02-03 22:22:20,016 [Worker-73: Building] INFO  o.a.m.s.f.DefaultMavenResourcesFiltering - Copying 0 resource from src\main\resources to target\classes
2025-02-03 22:22:20,019 [Worker-73: Building] INFO  o.a.m.s.f.DefaultMavenResourcesFiltering - skip non existing resourceDirectory D:\kdestate\spring_boot_backend_template\src\test\resources
2025-02-03 22:22:34,988 [Worker-72: Building] INFO  o.a.m.s.f.DefaultMavenResourcesFiltering - Copying 1 resource from src\main\resources to target\classes
2025-02-03 22:22:34,993 [Worker-72: Building] INFO  o.a.m.s.f.DefaultMavenResourcesFiltering - Copying 0 resource from src\main\resources to target\classes
2025-02-03 22:22:34,996 [Worker-72: Building] INFO  o.a.m.s.f.DefaultMavenResourcesFiltering - skip non existing resourceDirectory D:\kdestate\spring_boot_backend_template\src\test\resources
2025-02-03 22:23:02,826 [Worker-72: Building] INFO  o.a.m.s.f.DefaultMavenResourcesFiltering - Copying 1 resource from src\main\resources to target\classes
2025-02-03 22:23:02,831 [Worker-72: Building] INFO  o.a.m.s.f.DefaultMavenResourcesFiltering - Copying 0 resource from src\main\resources to target\classes
2025-02-03 22:23:02,833 [Worker-72: Building] INFO  o.a.m.s.f.DefaultMavenResourcesFiltering - skip non existing resourceDirectory D:\kdestate\spring_boot_backend_template\src\test\resources
2025-02-03 22:25:09,919 [Worker-76: Building] INFO  o.a.m.s.f.DefaultMavenResourcesFiltering - Copying 1 resource from src\main\resources to target\classes
2025-02-03 22:25:09,925 [Worker-76: Building] INFO  o.a.m.s.f.DefaultMavenResourcesFiltering - Copying 0 resource from src\main\resources to target\classes
2025-02-03 22:25:09,926 [Worker-76: Building] INFO  o.a.m.s.f.DefaultMavenResourcesFiltering - skip non existing resourceDirectory D:\kdestate\spring_boot_backend_template\src\test\resources
2025-02-04 00:52:22,189 [Worker-92: Building] INFO  o.a.m.s.f.DefaultMavenResourcesFiltering - Copying 1 resource from src\main\resources to target\classes
2025-02-04 00:52:22,364 [Worker-92: Building] INFO  o.a.m.s.f.DefaultMavenResourcesFiltering - Copying 0 resource from src\main\resources to target\classes
2025-02-04 00:52:22,367 [Worker-92: Building] INFO  o.a.m.s.f.DefaultMavenResourcesFiltering - skip non existing resourceDirectory D:\kdestate\spring_boot_backend_template\src\test\resources
2025-02-04 00:52:40,848 [Worker-85: Building] INFO  o.a.m.s.f.DefaultMavenResourcesFiltering - Copying 1 resource from src\main\resources to target\classes
2025-02-04 00:52:41,043 [Worker-85: Building] INFO  o.a.m.s.f.DefaultMavenResourcesFiltering - Copying 0 resource from src\main\resources to target\classes
2025-02-04 00:52:41,049 [Worker-85: Building] INFO  o.a.m.s.f.DefaultMavenResourcesFiltering - skip non existing resourceDirectory D:\kdestate\spring_boot_backend_template\src\test\resources
2025-02-04 00:54:10,897 [Worker-94: Building] INFO  o.a.m.s.f.DefaultMavenResourcesFiltering - Copying 1 resource from src\main\resources to target\classes
2025-02-04 00:54:10,953 [Worker-94: Building] INFO  o.a.m.s.f.DefaultMavenResourcesFiltering - Copying 0 resource from src\main\resources to target\classes
2025-02-04 00:54:10,958 [Worker-94: Building] INFO  o.a.m.s.f.DefaultMavenResourcesFiltering - skip non existing resourceDirectory D:\kdestate\spring_boot_backend_template\src\test\resources
2025-02-04 00:54:19,833 [Worker-83: Building] INFO  o.a.m.s.f.DefaultMavenResourcesFiltering - Copying 1 resource from src\main\resources to target\classes
2025-02-04 00:54:19,847 [Worker-83: Building] INFO  o.a.m.s.f.DefaultMavenResourcesFiltering - Copying 0 resource from src\main\resources to target\classes
2025-02-04 00:54:19,855 [Worker-83: Building] INFO  o.a.m.s.f.DefaultMavenResourcesFiltering - skip non existing resourceDirectory D:\kdestate\spring_boot_backend_template\src\test\resources
2025-02-04 00:54:49,521 [Worker-85: Building] INFO  o.a.m.s.f.DefaultMavenResourcesFiltering - Copying 1 resource from src\main\resources to target\classes
2025-02-04 00:54:49,535 [Worker-85: Building] INFO  o.a.m.s.f.DefaultMavenResourcesFiltering - Copying 0 resource from src\main\resources to target\classes
2025-02-04 00:54:49,542 [Worker-85: Building] INFO  o.a.m.s.f.DefaultMavenResourcesFiltering - skip non existing resourceDirectory D:\kdestate\spring_boot_backend_template\src\test\resources
2025-02-04 00:55:35,338 [Worker-83: Building] INFO  o.a.m.s.f.DefaultMavenResourcesFiltering - Copying 1 resource from src\main\resources to target\classes
2025-02-04 00:55:35,348 [Worker-83: Building] INFO  o.a.m.s.f.DefaultMavenResourcesFiltering - Copying 0 resource from src\main\resources to target\classes
2025-02-04 00:55:35,354 [Worker-83: Building] INFO  o.a.m.s.f.DefaultMavenResourcesFiltering - skip non existing resourceDirectory D:\kdestate\spring_boot_backend_template\src\test\resources
2025-02-04 00:55:46,806 [Worker-91: Building] INFO  o.a.m.s.f.DefaultMavenResourcesFiltering - Copying 1 resource from src\main\resources to target\classes
2025-02-04 00:55:46,814 [Worker-91: Building] INFO  o.a.m.s.f.DefaultMavenResourcesFiltering - Copying 0 resource from src\main\resources to target\classes
2025-02-04 00:55:46,819 [Worker-91: Building] INFO  o.a.m.s.f.DefaultMavenResourcesFiltering - skip non existing resourceDirectory D:\kdestate\spring_boot_backend_template\src\test\resources
2025-02-04 00:55:49,675 [Worker-83: Building] INFO  o.a.m.s.f.DefaultMavenResourcesFiltering - Copying 1 resource from src\main\resources to target\classes
2025-02-04 00:55:49,684 [Worker-83: Building] INFO  o.a.m.s.f.DefaultMavenResourcesFiltering - Copying 0 resource from src\main\resources to target\classes
2025-02-04 00:55:49,689 [Worker-83: Building] INFO  o.a.m.s.f.DefaultMavenResourcesFiltering - skip non existing resourceDirectory D:\kdestate\spring_boot_backend_template\src\test\resources
2025-02-04 00:55:52,788 [Worker-83: Building] INFO  o.a.m.s.f.DefaultMavenResourcesFiltering - Copying 1 resource from src\main\resources to target\classes
2025-02-04 00:55:52,804 [Worker-83: Building] INFO  o.a.m.s.f.DefaultMavenResourcesFiltering - Copying 0 resource from src\main\resources to target\classes
2025-02-04 00:55:52,808 [Worker-83: Building] INFO  o.a.m.s.f.DefaultMavenResourcesFiltering - skip non existing resourceDirectory D:\kdestate\spring_boot_backend_template\src\test\resources
2025-02-04 00:55:57,505 [Worker-91: Building] INFO  o.a.m.s.f.DefaultMavenResourcesFiltering - Copying 1 resource from src\main\resources to target\classes
2025-02-04 00:55:57,517 [Worker-91: Building] INFO  o.a.m.s.f.DefaultMavenResourcesFiltering - Copying 0 resource from src\main\resources to target\classes
2025-02-04 00:55:57,523 [Worker-91: Building] INFO  o.a.m.s.f.DefaultMavenResourcesFiltering - skip non existing resourceDirectory D:\kdestate\spring_boot_backend_template\src\test\resources
2025-02-04 00:57:08,441 [Worker-85: Building] INFO  o.a.m.s.f.DefaultMavenResourcesFiltering - Copying 1 resource from src\main\resources to target\classes
2025-02-04 00:57:08,453 [Worker-85: Building] INFO  o.a.m.s.f.DefaultMavenResourcesFiltering - Copying 0 resource from src\main\resources to target\classes
2025-02-04 00:57:08,461 [Worker-85: Building] INFO  o.a.m.s.f.DefaultMavenResourcesFiltering - skip non existing resourceDirectory D:\kdestate\spring_boot_backend_template\src\test\resources
2025-02-04 00:57:27,657 [Worker-92: Building] INFO  o.a.m.s.f.DefaultMavenResourcesFiltering - Copying 1 resource from src\main\resources to target\classes
2025-02-04 00:57:27,671 [Worker-92: Building] INFO  o.a.m.s.f.DefaultMavenResourcesFiltering - Copying 0 resource from src\main\resources to target\classes
2025-02-04 00:57:27,678 [Worker-92: Building] INFO  o.a.m.s.f.DefaultMavenResourcesFiltering - skip non existing resourceDirectory D:\kdestate\spring_boot_backend_template\src\test\resources
2025-02-04 00:58:04,199 [Worker-83: Building] INFO  o.a.m.s.f.DefaultMavenResourcesFiltering - Copying 1 resource from src\main\resources to target\classes
2025-02-04 00:58:04,213 [Worker-83: Building] INFO  o.a.m.s.f.DefaultMavenResourcesFiltering - Copying 0 resource from src\main\resources to target\classes
2025-02-04 00:58:04,219 [Worker-83: Building] INFO  o.a.m.s.f.DefaultMavenResourcesFiltering - skip non existing resourceDirectory D:\kdestate\spring_boot_backend_template\src\test\resources
2025-02-04 00:58:22,529 [Worker-83: Building] INFO  o.a.m.s.f.DefaultMavenResourcesFiltering - Copying 1 resource from src\main\resources to target\classes
2025-02-04 00:58:22,540 [Worker-83: Building] INFO  o.a.m.s.f.DefaultMavenResourcesFiltering - Copying 0 resource from src\main\resources to target\classes
2025-02-04 00:58:22,545 [Worker-83: Building] INFO  o.a.m.s.f.DefaultMavenResourcesFiltering - skip non existing resourceDirectory D:\kdestate\spring_boot_backend_template\src\test\resources
2025-02-04 00:59:10,525 [Worker-95: Building] INFO  o.a.m.s.f.DefaultMavenResourcesFiltering - Copying 1 resource from src\main\resources to target\classes
2025-02-04 00:59:10,537 [Worker-95: Building] INFO  o.a.m.s.f.DefaultMavenResourcesFiltering - Copying 0 resource from src\main\resources to target\classes
2025-02-04 00:59:10,542 [Worker-95: Building] INFO  o.a.m.s.f.DefaultMavenResourcesFiltering - skip non existing resourceDirectory D:\kdestate\spring_boot_backend_template\src\test\resources
2025-02-04 01:00:40,534 [Worker-96: Building] INFO  o.a.m.s.f.DefaultMavenResourcesFiltering - Copying 1 resource from src\main\resources to target\classes
2025-02-04 01:00:40,543 [Worker-96: Building] INFO  o.a.m.s.f.DefaultMavenResourcesFiltering - Copying 0 resource from src\main\resources to target\classes
2025-02-04 01:00:40,547 [Worker-96: Building] INFO  o.a.m.s.f.DefaultMavenResourcesFiltering - skip non existing resourceDirectory D:\kdestate\spring_boot_backend_template\src\test\resources
2025-02-04 01:01:45,348 [Worker-96: Building] INFO  o.a.m.s.f.DefaultMavenResourcesFiltering - Copying 1 resource from src\main\resources to target\classes
2025-02-04 01:01:45,360 [Worker-96: Building] INFO  o.a.m.s.f.DefaultMavenResourcesFiltering - Copying 0 resource from src\main\resources to target\classes
2025-02-04 01:01:45,367 [Worker-96: Building] INFO  o.a.m.s.f.DefaultMavenResourcesFiltering - skip non existing resourceDirectory D:\kdestate\spring_boot_backend_template\src\test\resources
2025-02-04 01:01:54,724 [Worker-94: Building] INFO  o.a.m.s.f.DefaultMavenResourcesFiltering - Copying 1 resource from src\main\resources to target\classes
2025-02-04 01:01:54,735 [Worker-94: Building] INFO  o.a.m.s.f.DefaultMavenResourcesFiltering - Copying 0 resource from src\main\resources to target\classes
2025-02-04 01:01:54,741 [Worker-94: Building] INFO  o.a.m.s.f.DefaultMavenResourcesFiltering - skip non existing resourceDirectory D:\kdestate\spring_boot_backend_template\src\test\resources
2025-02-04 01:02:03,049 [Worker-94: Building] INFO  o.a.m.s.f.DefaultMavenResourcesFiltering - Copying 1 resource from src\main\resources to target\classes
2025-02-04 01:02:03,059 [Worker-94: Building] INFO  o.a.m.s.f.DefaultMavenResourcesFiltering - Copying 0 resource from src\main\resources to target\classes
2025-02-04 01:02:03,064 [Worker-94: Building] INFO  o.a.m.s.f.DefaultMavenResourcesFiltering - skip non existing resourceDirectory D:\kdestate\spring_boot_backend_template\src\test\resources
2025-02-04 01:02:10,348 [Worker-92: Building] INFO  o.a.m.s.f.DefaultMavenResourcesFiltering - Copying 1 resource from src\main\resources to target\classes
2025-02-04 01:02:10,361 [Worker-92: Building] INFO  o.a.m.s.f.DefaultMavenResourcesFiltering - Copying 0 resource from src\main\resources to target\classes
2025-02-04 01:02:10,367 [Worker-92: Building] INFO  o.a.m.s.f.DefaultMavenResourcesFiltering - skip non existing resourceDirectory D:\kdestate\spring_boot_backend_template\src\test\resources
2025-02-04 01:02:22,373 [Worker-83: Building] INFO  o.a.m.s.f.DefaultMavenResourcesFiltering - Copying 1 resource from src\main\resources to target\classes
2025-02-04 01:02:22,383 [Worker-83: Building] INFO  o.a.m.s.f.DefaultMavenResourcesFiltering - Copying 0 resource from src\main\resources to target\classes
2025-02-04 01:02:22,389 [Worker-83: Building] INFO  o.a.m.s.f.DefaultMavenResourcesFiltering - skip non existing resourceDirectory D:\kdestate\spring_boot_backend_template\src\test\resources
2025-02-04 01:03:50,222 [Worker-97: Building] INFO  o.a.m.s.f.DefaultMavenResourcesFiltering - Copying 1 resource from src\main\resources to target\classes
2025-02-04 01:03:50,233 [Worker-97: Building] INFO  o.a.m.s.f.DefaultMavenResourcesFiltering - Copying 0 resource from src\main\resources to target\classes
2025-02-04 01:03:50,239 [Worker-97: Building] INFO  o.a.m.s.f.DefaultMavenResourcesFiltering - skip non existing resourceDirectory D:\kdestate\spring_boot_backend_template\src\test\resources
2025-02-04 01:08:58,564 [Worker-101: Building] INFO  o.a.m.s.f.DefaultMavenResourcesFiltering - Copying 1 resource from src\main\resources to target\classes
2025-02-04 01:08:58,572 [Worker-101: Building] INFO  o.a.m.s.f.DefaultMavenResourcesFiltering - Copying 0 resource from src\main\resources to target\classes
2025-02-04 01:08:58,577 [Worker-101: Building] INFO  o.a.m.s.f.DefaultMavenResourcesFiltering - skip non existing resourceDirectory D:\kdestate\spring_boot_backend_template\src\test\resources
2025-02-04 01:10:28,545 [Worker-94: Building] INFO  o.a.m.s.f.DefaultMavenResourcesFiltering - Copying 1 resource from src\main\resources to target\classes
2025-02-04 01:10:28,556 [Worker-94: Building] INFO  o.a.m.s.f.DefaultMavenResourcesFiltering - Copying 0 resource from src\main\resources to target\classes
2025-02-04 01:10:28,562 [Worker-94: Building] INFO  o.a.m.s.f.DefaultMavenResourcesFiltering - skip non existing resourceDirectory D:\kdestate\spring_boot_backend_template\src\test\resources
2025-02-04 14:38:29,515 [Worker-114: Building] INFO  o.a.m.s.f.DefaultMavenResourcesFiltering - Copying 1 resource from src\main\resources to target\classes
2025-02-04 14:38:29,609 [Worker-114: Building] INFO  o.a.m.s.f.DefaultMavenResourcesFiltering - Copying 0 resource from src\main\resources to target\classes
2025-02-04 14:38:29,615 [Worker-114: Building] INFO  o.a.m.s.f.DefaultMavenResourcesFiltering - skip non existing resourceDirectory D:\kdestate\spring_boot_backend_template\src\test\resources
2025-02-04 14:39:08,399 [Worker-116: Building] INFO  o.a.m.s.f.DefaultMavenResourcesFiltering - Copying 1 resource from src\main\resources to target\classes
2025-02-04 14:39:08,490 [Worker-116: Building] INFO  o.a.m.s.f.DefaultMavenResourcesFiltering - Copying 0 resource from src\main\resources to target\classes
2025-02-04 14:39:08,496 [Worker-116: Building] INFO  o.a.m.s.f.DefaultMavenResourcesFiltering - skip non existing resourceDirectory D:\kdestate\spring_boot_backend_template\src\test\resources
2025-02-04 14:40:02,351 [Worker-115: Building] INFO  o.a.m.s.f.DefaultMavenResourcesFiltering - Copying 1 resource from src\main\resources to target\classes
2025-02-04 14:40:02,394 [Worker-115: Building] INFO  o.a.m.s.f.DefaultMavenResourcesFiltering - Copying 0 resource from src\main\resources to target\classes
2025-02-04 14:40:02,401 [Worker-115: Building] INFO  o.a.m.s.f.DefaultMavenResourcesFiltering - skip non existing resourceDirectory D:\kdestate\spring_boot_backend_template\src\test\resources
2025-02-04 14:40:17,279 [Worker-115: Building] INFO  o.a.m.s.f.DefaultMavenResourcesFiltering - Copying 1 resource from src\main\resources to target\classes
2025-02-04 14:40:17,291 [Worker-115: Building] INFO  o.a.m.s.f.DefaultMavenResourcesFiltering - Copying 0 resource from src\main\resources to target\classes
2025-02-04 14:40:17,297 [Worker-115: Building] INFO  o.a.m.s.f.DefaultMavenResourcesFiltering - skip non existing resourceDirectory D:\kdestate\spring_boot_backend_template\src\test\resources
2025-02-04 14:44:19,707 [Worker-114: Building] INFO  o.a.m.s.f.DefaultMavenResourcesFiltering - Copying 1 resource from src\main\resources to target\classes
2025-02-04 14:44:19,720 [Worker-114: Building] INFO  o.a.m.s.f.DefaultMavenResourcesFiltering - Copying 0 resource from src\main\resources to target\classes
2025-02-04 14:44:19,726 [Worker-114: Building] INFO  o.a.m.s.f.DefaultMavenResourcesFiltering - skip non existing resourceDirectory D:\kdestate\spring_boot_backend_template\src\test\resources
2025-02-04 14:45:07,827 [Worker-114: Building] INFO  o.a.m.s.f.DefaultMavenResourcesFiltering - Copying 1 resource from src\main\resources to target\classes
2025-02-04 14:45:07,835 [Worker-114: Building] INFO  o.a.m.s.f.DefaultMavenResourcesFiltering - Copying 0 resource from src\main\resources to target\classes
2025-02-04 14:45:07,839 [Worker-114: Building] INFO  o.a.m.s.f.DefaultMavenResourcesFiltering - skip non existing resourceDirectory D:\kdestate\spring_boot_backend_template\src\test\resources
2025-02-04 14:45:21,191 [Worker-111: Building] INFO  o.a.m.s.f.DefaultMavenResourcesFiltering - Copying 1 resource from src\main\resources to target\classes
2025-02-04 14:45:21,200 [Worker-111: Building] INFO  o.a.m.s.f.DefaultMavenResourcesFiltering - Copying 0 resource from src\main\resources to target\classes
2025-02-04 14:45:21,204 [Worker-111: Building] INFO  o.a.m.s.f.DefaultMavenResourcesFiltering - skip non existing resourceDirectory D:\kdestate\spring_boot_backend_template\src\test\resources
2025-02-04 14:49:00,368 [Worker-114: Building] INFO  o.a.m.s.f.DefaultMavenResourcesFiltering - Copying 1 resource from src\main\resources to target\classes
2025-02-04 14:49:00,379 [Worker-114: Building] INFO  o.a.m.s.f.DefaultMavenResourcesFiltering - Copying 0 resource from src\main\resources to target\classes
2025-02-04 14:49:00,384 [Worker-114: Building] INFO  o.a.m.s.f.DefaultMavenResourcesFiltering - skip non existing resourceDirectory D:\kdestate\spring_boot_backend_template\src\test\resources
2025-02-04 14:51:55,105 [Worker-114: Building] INFO  o.a.m.s.f.DefaultMavenResourcesFiltering - Copying 1 resource from src\main\resources to target\classes
2025-02-04 14:51:55,116 [Worker-114: Building] INFO  o.a.m.s.f.DefaultMavenResourcesFiltering - Copying 0 resource from src\main\resources to target\classes
2025-02-04 14:51:55,121 [Worker-114: Building] INFO  o.a.m.s.f.DefaultMavenResourcesFiltering - skip non existing resourceDirectory D:\kdestate\spring_boot_backend_template\src\test\resources
2025-02-04 14:53:24,870 [Worker-122: Building] INFO  o.a.m.s.f.DefaultMavenResourcesFiltering - Copying 1 resource from src\main\resources to target\classes
2025-02-04 14:53:24,882 [Worker-122: Building] INFO  o.a.m.s.f.DefaultMavenResourcesFiltering - Copying 0 resource from src\main\resources to target\classes
2025-02-04 14:53:24,888 [Worker-122: Building] INFO  o.a.m.s.f.DefaultMavenResourcesFiltering - skip non existing resourceDirectory D:\kdestate\spring_boot_backend_template\src\test\resources
2025-02-04 14:54:41,661 [Worker-122: Building] INFO  o.a.m.s.f.DefaultMavenResourcesFiltering - Copying 1 resource from src\main\resources to target\classes
2025-02-04 14:54:41,668 [Worker-122: Building] INFO  o.a.m.s.f.DefaultMavenResourcesFiltering - Copying 0 resource from src\main\resources to target\classes
2025-02-04 14:54:41,672 [Worker-122: Building] INFO  o.a.m.s.f.DefaultMavenResourcesFiltering - skip non existing resourceDirectory D:\kdestate\spring_boot_backend_template\src\test\resources
2025-02-04 14:55:17,006 [Worker-121: Building] INFO  o.a.m.s.f.DefaultMavenResourcesFiltering - Copying 1 resource from src\main\resources to target\classes
2025-02-04 14:55:17,015 [Worker-121: Building] INFO  o.a.m.s.f.DefaultMavenResourcesFiltering - Copying 0 resource from src\main\resources to target\classes
2025-02-04 14:55:17,020 [Worker-121: Building] INFO  o.a.m.s.f.DefaultMavenResourcesFiltering - skip non existing resourceDirectory D:\kdestate\spring_boot_backend_template\src\test\resources
2025-02-04 14:56:43,018 [Worker-124: Building] INFO  o.a.m.s.f.DefaultMavenResourcesFiltering - Copying 1 resource from src\main\resources to target\classes
2025-02-04 14:56:43,029 [Worker-124: Building] INFO  o.a.m.s.f.DefaultMavenResourcesFiltering - Copying 0 resource from src\main\resources to target\classes
2025-02-04 14:56:43,034 [Worker-124: Building] INFO  o.a.m.s.f.DefaultMavenResourcesFiltering - skip non existing resourceDirectory D:\kdestate\spring_boot_backend_template\src\test\resources
2025-02-04 14:58:56,374 [Worker-122: Building] INFO  o.a.m.s.f.DefaultMavenResourcesFiltering - Copying 1 resource from src\main\resources to target\classes
2025-02-04 14:58:56,386 [Worker-122: Building] INFO  o.a.m.s.f.DefaultMavenResourcesFiltering - Copying 0 resource from src\main\resources to target\classes
2025-02-04 14:58:56,391 [Worker-122: Building] INFO  o.a.m.s.f.DefaultMavenResourcesFiltering - skip non existing resourceDirectory D:\kdestate\spring_boot_backend_template\src\test\resources
2025-02-04 15:07:04,197 [Worker-129: Building] INFO  o.a.m.s.f.DefaultMavenResourcesFiltering - Copying 1 resource from src\main\resources to target\classes
2025-02-04 15:07:04,210 [Worker-129: Building] INFO  o.a.m.s.f.DefaultMavenResourcesFiltering - Copying 0 resource from src\main\resources to target\classes
2025-02-04 15:07:04,215 [Worker-129: Building] INFO  o.a.m.s.f.DefaultMavenResourcesFiltering - skip non existing resourceDirectory D:\kdestate\spring_boot_backend_template\src\test\resources
2025-02-04 15:09:18,607 [Worker-132: Building] INFO  o.a.m.s.f.DefaultMavenResourcesFiltering - Copying 1 resource from src\main\resources to target\classes
2025-02-04 15:09:18,643 [Worker-132: Building] INFO  o.a.m.s.f.DefaultMavenResourcesFiltering - Copying 0 resource from src\main\resources to target\classes
2025-02-04 15:09:18,648 [Worker-132: Building] INFO  o.a.m.s.f.DefaultMavenResourcesFiltering - skip non existing resourceDirectory D:\kdestate\spring_boot_backend_template\src\test\resources
2025-02-04 15:13:08,495 [Worker-133: Building] INFO  o.a.m.s.f.DefaultMavenResourcesFiltering - Copying 1 resource from src\main\resources to target\classes
2025-02-04 15:13:08,549 [Worker-133: Building] INFO  o.a.m.s.f.DefaultMavenResourcesFiltering - Copying 0 resource from src\main\resources to target\classes
2025-02-04 15:13:08,558 [Worker-133: Building] INFO  o.a.m.s.f.DefaultMavenResourcesFiltering - skip non existing resourceDirectory D:\kdestate\spring_boot_backend_template\src\test\resources
2025-02-04 15:13:37,776 [Worker-137: Building] INFO  o.a.m.s.f.DefaultMavenResourcesFiltering - Copying 1 resource from src\main\resources to target\classes
2025-02-04 15:13:37,783 [Worker-137: Building] INFO  o.a.m.s.f.DefaultMavenResourcesFiltering - Copying 0 resource from src\main\resources to target\classes
2025-02-04 15:13:37,787 [Worker-137: Building] INFO  o.a.m.s.f.DefaultMavenResourcesFiltering - skip non existing resourceDirectory D:\kdestate\spring_boot_backend_template\src\test\resources
2025-02-04 15:17:34,866 [Worker-137: Building] INFO  o.a.m.s.f.DefaultMavenResourcesFiltering - Copying 1 resource from src\main\resources to target\classes
2025-02-04 15:17:34,888 [Worker-137: Building] INFO  o.a.m.s.f.DefaultMavenResourcesFiltering - Copying 0 resource from src\main\resources to target\classes
2025-02-04 15:17:34,895 [Worker-137: Building] INFO  o.a.m.s.f.DefaultMavenResourcesFiltering - skip non existing resourceDirectory D:\kdestate\spring_boot_backend_template\src\test\resources
2025-02-04 15:17:57,994 [Worker-141: Building] INFO  o.a.m.s.f.DefaultMavenResourcesFiltering - Copying 1 resource from src\main\resources to target\classes
2025-02-04 15:17:58,017 [Worker-141: Building] INFO  o.a.m.s.f.DefaultMavenResourcesFiltering - Copying 0 resource from src\main\resources to target\classes
2025-02-04 15:17:58,027 [Worker-141: Building] INFO  o.a.m.s.f.DefaultMavenResourcesFiltering - skip non existing resourceDirectory D:\kdestate\spring_boot_backend_template\src\test\resources
2025-02-04 15:21:05,622 [Worker-143: Building] INFO  o.a.m.s.f.DefaultMavenResourcesFiltering - Copying 1 resource from src\main\resources to target\classes
2025-02-04 15:21:05,644 [Worker-143: Building] INFO  o.a.m.s.f.DefaultMavenResourcesFiltering - Copying 0 resource from src\main\resources to target\classes
2025-02-04 15:21:05,650 [Worker-143: Building] INFO  o.a.m.s.f.DefaultMavenResourcesFiltering - skip non existing resourceDirectory D:\kdestate\spring_boot_backend_template\src\test\resources
2025-02-04 15:21:07,983 [Worker-146: Building] INFO  o.a.m.s.f.DefaultMavenResourcesFiltering - Copying 1 resource from src\main\resources to target\classes
2025-02-04 15:21:07,993 [Worker-146: Building] INFO  o.a.m.s.f.DefaultMavenResourcesFiltering - Copying 0 resource from src\main\resources to target\classes
2025-02-04 15:21:07,996 [Worker-146: Building] INFO  o.a.m.s.f.DefaultMavenResourcesFiltering - skip non existing resourceDirectory D:\kdestate\spring_boot_backend_template\src\test\resources
